id,title,language,type,job_names,job_category_names,de_level,en_level,de_reason,en_reason,url
40505114,WebScrapper for a real estate information -- 2,en,fixed,"PHP, Python, Web Scraping, Django, Scrapy, Data Extraction, API, BeautifulSoup, Selenium","Websites, IT & Software, Websites, IT & Software, Websites, IT & Software, Websites, IT & Software, Websites, IT & Software, Data Entry & Admin, Websites, IT & Software, Websites, IT & Software, Websites, IT & Software",0,1,[AI辅助] 未发现德语要求 / No German requirement found,[AI辅助] 默认英语入门 / Default English beginner,https://www.freelancer.com/projects/php/WebScrapper-for-real-estate-information
40505063,German Sales Appointment Setter,en,fixed,"Data Entry, Telemarketing, Sales, CRM, Salesforce.com, German Translator, Customer Service, Sales Promotion, Sales Management, Lead Generation","Data Entry & Admin, Sales & Marketing, Sales & Marketing, Sales & Marketing, Business, Accounting, Human Resources & Legal, Translation & Languages, Data Entry & Admin, Sales & Marketing, Sales & Marketing, Sales & Marketing",2,1,[rule] 命中规则: fluent german / rule hits: fluent german,"[AI辅助] 未发现英语要求，默认入门 / No English requirement found, default beginner",https://www.freelancer.com/projects/sales/German-Sales-Appointment-Setter
40504861,SolidWorks Winkelanpassung mit STEP-Ausgabe,de,hourly,"CAD/CAM, Solidworks, 3D Modelling, 3D Design, 3D CAD, 3D Drafting","Engineering & Science, Engineering & Science, Design, Media & Architecture, Design, Media & Architecture, Design, Media & Architecture, Design, Media & Architecture",1,1,[AI辅助] 未发现德语要求 / No German requirement found,"[AI辅助] 未提及英语要求，默认入门 / No English requirement stated, default beginner",https://www.freelancer.com/projects/3d-cad/SolidWorks-Winkelanpassung-mit-STEP
40504835,"Request for SAP CPI / SAP Integration Developer – Dhahran, Saudi Arabia",en,fixed,"Java, Troubleshooting, Software Architecture, Oracle, Local Job, Change Management","Websites, IT & Software, Websites, IT & Software, Websites, IT & Software, Websites, IT & Software, Jobs for Anyone, Business, Accounting, Human Resources & Legal",0,1,[AI辅助] 未发现德语要求 / No German requirement found,"[AI辅助] 无明确英语要求，默认入门 / No explicit English requirement, default beginner",https://www.freelancer.com/projects/troubleshooting/Request-for-SAP-CPI-SAP
40504799,E-Commerce Subscription Website Developer – Supabase + React + Mollie,en,fixed,"PHP, Website Design, Graphic Design, Project Management, HTML, Web Development, Backend Development, Frontend Development, GitHub, Payment Processing","Websites, IT & Software, Design, Media & Architecture, Design, Media & Architecture, Business, Accounting, Human Resources & Legal, Websites, IT & Software, Websites, IT & Software, Websites, IT & Software, Websites, IT & Software, Websites, IT & Software, Business, Accounting, Human Resources & Legal",0,2,[AI辅助] 未发现德语要求 / No German requirement found,[rule] 命中规则: good english / rule hits: good english,https://www.freelancer.com/projects/github/Commerce-Subscription-Website-Developer
40504725,Temporary Instagram Outreach Assistant,en,hourly,"Internet Marketing, Facebook Marketing, Marketing, Virtual Assistant, Content Writing, Social Media Marketing, Customer Service, Digital Marketing, Social Media Management, Instagram Marketing","Sales & Marketing, Sales & Marketing, Sales & Marketing, Jobs for Anyone, Writing & Content, Sales & Marketing, Data Entry & Admin, Websites, IT & Software, Websites, IT & Software, Sales & Marketing",0,2,[AI辅助] 未发现德语要求 / No German requirement found,[AI辅助] 需要清晰友善的英语书写 / Requires clear and friendly written English,https://www.freelancer.com/projects/social-media-management/Temporary-Instagram-Outreach-Assistant
40503215,Poshmark US Shirt Purchase & Forwarding,en,fixed,"Product Sourcing, Customer Support, Logistics, Order Processing, Inventory Management, Customer Service, Shipping, International Shipping, Payment Processing","Product Sourcing & Manufacturing, Data Entry & Admin, Freight, Shipping & Transportation, Data Entry & Admin, Business, Accounting, Human Resources & Legal, Data Entry & Admin, Freight, Shipping & Transportation, Freight, Shipping & Transportation, Business, Accounting, Human Resources & Legal",0,2,[AI辅助] 未发现德语要求 / No German requirement found,[AI辅助] 需要英语沟通采购与物流细节 / English required for communicating purchase and logistics details,https://www.freelancer.com/projects/product-sourcing/Poshmark-Shirt-Purchase-Forwarding
40503966,Watch Reels & Photos Germany,en,fixed,"Photography, Photoshop, After Effects, Photo Editing, Video Production, Video Editing, Adobe Lightroom, Adobe Premiere Pro","Design, Media & Architecture, Design, Media & Architecture, Design, Media & Architecture, Design, Media & Architecture, Design, Media & Architecture, Design, Media & Architecture, Design, Media & Architecture, Websites, IT & Software",0,1,[AI辅助] 未发现德语要求 / No German requirement found,"[AI辅助] 岗位发布为英语，未提及更高英语要求，默认入门 / Job posted in English with no higher requirement stated, default beginner",https://www.freelancer.com/projects/photography/Watch-Reels-Photos-Germany
40503696,Amazon Listing Image Creation,en,fixed,"Graphic Design, Photoshop, 3D Rendering, Photo Editing, Product Design, Photo Retouching, Product Photography, Digital Art","Design, Media & Architecture, Design, Media & Architecture, Design, Media & Architecture, Design, Media & Architecture, Product Sourcing & Manufacturing, Design, Media & Architecture, Design, Media & Architecture, Design, Media & Architecture",0,1,[AI辅助] 未发现德语要求 / No German requirement found,[AI辅助] 默认英语入门 / Default English beginner,https://www.freelancer.com/projects/rendering/Amazon-Listing-Image-Creation
40503221,Travel Agency Client Database,en,fixed,"PHP, Mobile App Development, MySQL, HTML, Cloud Development, Database Management, App Development, Web Application","Websites, IT & Software, Mobile Phones & Computing, Websites, IT & Software, Websites, IT & Software, Websites, IT & Software, Business, Accounting, Human Resources & Legal, Websites, IT & Software, Websites, IT & Software",0,1,[AI辅助] 未发现德语要求 / No German requirement found,[AI辅助] 默认英语入门 / Default English beginner,https://www.freelancer.com/projects/web-application/Travel-Agency-Client-Database
40503121,Personalized Romantic Manga Comic,en,fixed,"Photoshop, Caricature & Cartoons, 2D Animation, Articulate Storyline, Comics, Digital Art, Manga, Drawing Artist, Character Design","Design, Media & Architecture, Design, Media & Architecture, Design, Media & Architecture, Websites, IT & Software, Design, Media & Architecture, Design, Media & Architecture, Design, Media & Architecture, Design, Media & Architecture, Design, Media & Architecture",0,1,[AI辅助] 未发现德语要求 / No German requirement found,"[AI辅助] 默认英语入门，无更高要求 / Default English beginner, no higher requirement indicated",https://www.freelancer.com/projects/character-design/Personalized-Romantic-Manga-Comic
40503014,Instagram Outreach Specialist | Remote | Commission-Based,en,fixed,"Internet Marketing, Data Entry, Excel, CRM, Leads, Customer Service, Instagram, Content Marketing, Instagram Marketing, Lead Generation","Sales & Marketing, Data Entry & Admin, Data Entry & Admin, Sales & Marketing, Sales & Marketing, Data Entry & Admin, Websites, IT & Software, Sales & Marketing, Sales & Marketing, Sales & Marketing",0,2,[AI辅助] 未发现德语要求 / No German requirement found,"[AI辅助] 工作需英语沟通，最低流畅水平 / Requires English communication, minimum fluent level",https://www.freelancer.com/projects/lead-generation/Instagram-Outreach-Specialist-Remote
40502839,Virtual Assistant Support Needed in Bulgaria,en,hourly,"Translation, Data Entry, Research, Virtual Assistant, Bulgarian Translator, English Translation, Secretarial","Writing & Content, Data Entry & Admin, Writing & Content, Jobs for Anyone, Translation & Languages, Writing & Content, Business, Accounting, Human Resources & Legal",0,2,"[AI辅助] 未强制要求德语，仅作为英语替代选项提及 / German not mandatory, mentioned as alternative to English","[AI辅助] 要求流利英语，明确提及strong proficiency / Fluent English required, explicitly strong proficiency",https://www.freelancer.com/projects/translation/Virtual-Assistant-Support-Needed
40502670,Professional 3D Website Visuals,en,hourly,"3D Rendering, Animation, 3D Modelling, 3D Animation, 3D Design, Blender, 3D Visualization, 3D Graphic Design","Design, Media & Architecture, Design, Media & Architecture, Design, Media & Architecture, Design, Media & Architecture, Design, Media & Architecture, Websites, IT & Software, Design, Media & Architecture, Design, Media & Architecture",0,1,[AI辅助] 未发现德语要求 / No German requirement found,[AI辅助] 默认英语入门 / Default English beginner,https://www.freelancer.com/projects/blender/Professional-Website-Visuals
40502615,German Coaching Site SEO Strategist Needed,en,fixed,"Internet Marketing, SEO, Link Building, Marketing, Brand Management, Keyword Research, Website Optimization, Competitor Analysis","Sales & Marketing, Websites, IT & Software, Websites, IT & Software, Sales & Marketing, Sales & Marketing, Sales & Marketing, Websites, IT & Software, Sales & Marketing",0,1,[AI辅助] 未发现德语要求 / No German requirement found,[AI辅助] 默认英语入门 / Default English beginner,https://www.freelancer.com/projects/keyword-research/German-Coaching-Site-SEO-Strategist
40502450,Instagram- und Facebook-Werbekonten einrichten,de,fixed,"Internet Marketing, Facebook Marketing, Advertising, Article Writing, Ad Planning & Buying, Social Media Marketing, Digital Marketing, Social Media Management, Instagram Ads, Facebook Ads","Sales & Marketing, Sales & Marketing, Sales & Marketing, Writing & Content, Sales & Marketing, Sales & Marketing, Websites, IT & Software, Websites, IT & Software, Sales & Marketing, Sales & Marketing",2,1,"[AI辅助] 职位描述为德语，需用德语沟通任务 / Job description in German, German needed for task communication","[AI辅助] 未发现英语要求，默认入门 / No English requirement found, default beginner",https://www.freelancer.com/projects/facebook-ads/Instagram-und-Facebook-Werbekonten
40501799,Temporary Finance & Admin Assistant Needed in Germany,en,hourly,"Project Management, Virtual Assistant, Local Job, Google Sheets, Data Management","Business, Accounting, Human Resources & Legal, Jobs for Anyone, Jobs for Anyone, Websites, IT & Software, Websites, IT & Software",2,2,"[AI辅助] 岗位描述要求德语流利，对应B1/B2水平 / Job requires fluent German, indicating B1/B2 level","[AI辅助] 岗位描述要求英语流利，对应B1/B2水平 / Job requires fluent English, indicating B1/B2 level",https://www.freelancer.com/projects/google-sheets/Temporary-Finance-Admin-Assistant-Needed
40500599,Countryside School Website,en,fixed,"PHP, Website Design, Logo Design, WordPress, CMS, MySQL, HTML, Web Development, Frontend Development, Web Design","Websites, IT & Software, Design, Media & Architecture, Design, Media & Architecture, Websites, IT & Software, Websites, IT & Software, Websites, IT & Software, Websites, IT & Software, Websites, IT & Software, Websites, IT & Software, Websites, IT & Software",0,1,[AI辅助] 未发现德语要求 / No German requirement found,[AI辅助] 默认英语入门 / Default English beginner,https://www.freelancer.com/projects/web-development/Countryside-School-Website
40500593,Stadtmotiv Bildstreifen-Illustration,de,fixed,"Graphic Design, Logo Design, Illustrator, Illustration, Icon Design, Adobe Illustrator, Adobe Creative Cloud, Adobe Photoshop","Design, Media & Architecture, Design, Media & Architecture, Design, Media & Architecture, Design, Media & Architecture, Design, Media & Architecture, Websites, IT & Software, Websites, IT & Software, Design, Media & Architecture",1,1,"[AI辅助] 未发现德语要求，但发帖语言为德语 / No German requirement stated, but post is in German","[AI辅助] 默认英语入门，无英语要求 / Default English beginner, no English requirement specified",https://www.freelancer.com/projects/adobe-creative-cloud/Stadtmotiv-Bildstreifen-Illustration
40500554,AI Interview Practice and Real Time Coaching Web App MVP,en,hourly,"NoSQL Couch & Mongo, Node.js, Express JS, AngularJS, Web Development, MongoDB, AI (Artificial Intelligence) HW/SW, Database Management, Next.js, AI Chatbot Development","Websites, IT & Software, Websites, IT & Software, Websites, IT & Software, Websites, IT & Software, Websites, IT & Software, Websites, IT & Software, Artificial Intelligence, Business, Accounting, Human Resources & Legal, Websites, IT & Software, Artificial Intelligence",0,2,[AI辅助] 未发现德语要求 / No German requirement found,"[AI辅助] 工作语言为英语且要求美国开发者，需流利英语 / Job language is English, US developer required, fluent English needed",https://www.freelancer.com/projects/nextjs/Interview-Practice-Real-Time-Coaching
40500518,Personal Biography Ghostwriting,en,hourly,"Editing, Ghostwriting, eBooks, Book Writing, Creative Writing, Content Writing, Biography Writing, Memoir Writing","Writing & Content, Writing & Content, Writing & Content, Writing & Content, Writing & Content, Writing & Content, Writing & Content, Writing & Content",0,2,[AI辅助] 未发现德语要求 / No German requirement found,[AI辅助] 要求流利的英语写作能力 / Requires fluent English writing skills,https://www.freelancer.com/projects/biography-writing/Personal-Biography-Ghostwriting-40500518
40500257,SEO GROWTH PARTNERS WANTED ACROSS EUROPE,en,fixed,"JavaScript, SEO, SEO Auditing, Web Development, SEO Writing, SEOMoz, Web Application, Web Design, White Hat SEO, Generative Engine Optimization (GEO)","Websites, IT & Software, Websites, IT & Software, Websites, IT & Software, Websites, IT & Software, Writing & Content, Sales & Marketing, Websites, IT & Software, Websites, IT & Software, Websites, IT & Software, Artificial Intelligence",0,1,[AI辅助] 未发现德语要求 / No German requirement found,[AI辅助] 默认英语入门 / Default English beginner,https://www.freelancer.com/projects/generative-engine-optimization/SEO-GROWTH-PARTNERS-WANTED-ACROSS
40500216,"1,000 German Do-Follow Backlinks -- 2",en,fixed,"Internet Marketing, SEO, Link Building, Content Writing, Search Engine Marketing, Digital Marketing, Content Marketing, Blog Writing","Sales & Marketing, Websites, IT & Software, Websites, IT & Software, Writing & Content, Sales & Marketing, Websites, IT & Software, Sales & Marketing, Writing & Content",1,2,"[AI辅助] 需在德语博客发布内容，可能需基础德语 / Need to post on German blogs, basic German likely required","[AI辅助] 发帖语言为英语，需与客户英语沟通，要求流畅 / Post is in English, client communication requires fluent English",https://www.freelancer.com/projects/content-writing/German-Follow-Backlinks-40500216
40500037,Veranstaltungstechniker für Konzert am 14. Juni in Frankfurt,de,hourly,"Translation, Voice Talent, German Translator, English (US) Translator, Audio Production, A/V design, Audio Engineering, Event Management","Writing & Content, Design, Media & Architecture, Translation & Languages, Translation & Languages, Design, Media & Architecture, Design, Media & Architecture, Design, Media & Architecture, Business, Accounting, Human Resources & Legal",1,1,[AI辅助] 未发现德语要求 / No German requirement found,[AI辅助] 默认英语入门 / Default English beginner,https://www.freelancer.com/projects/av-design/Veranstaltungstechniker-Konzert-Juni
40499962,Format Word Manuscript InDesign -- 3,en,fixed,"Graphic Design, Publishing, PDF, Adobe InDesign, Word, ePub, Adobe Creative Suite, Print Design","Design, Media & Architecture, Writing & Content, Writing & Content, Design, Media & Architecture, Design, Media & Architecture, Data Entry & Admin, Design, Media & Architecture, Design, Media & Architecture",0,1,[AI辅助] 未发现德语要求 / No German requirement found,[AI辅助] 默认英语入门 / Default English beginner,https://www.freelancer.com/projects/graphic-design/Format-Word-Manuscript-InDesign-40499962
40499347,"**Siemens TIA Portal Commissioning Engineer (Freelance) – Satu Mare, Romania**",en,hourly,"PLC & SCADA, Electrical Engineering, Process Automation, Embedded Systems, Local Job, Technical Documentation, Manufacturing Engineering, Automotive Engineering, Welding, PLC","Engineering & Science, Engineering & Science, Product Sourcing & Manufacturing, Engineering & Science, Jobs for Anyone, Writing & Content, Engineering & Science, Engineering & Science, Trades & Services, Websites, IT & Software",0,2,[AI辅助] 未发现德语要求 / No German requirement found,[rule] 命中规则: good english / rule hits: good english,https://www.freelancer.com/projects/electrical-engineering/Siemens-PLC-Commissioning-Automotive
40499261,"Projection Mapping Specialist Needed –Immersive Room Setup (Germany, Baltic Sea Area)",en,hourly,"Project Management, Video Services, Technical Support, Visual Arts, 3D Design, Video Production, Video Editing, Installation, Technical Documentation, A/V design, Content Creation, Project Planning","Business, Accounting, Human Resources & Legal, Design, Media & Architecture, Data Entry & Admin, Design, Media & Architecture, Design, Media & Architecture, Design, Media & Architecture, Design, Media & Architecture, Trades & Services, Writing & Content, Design, Media & Architecture, Writing & Content, Business, Accounting, Human Resources & Legal",0,1,[AI辅助] 未发现德语要求 / No German requirement found,[AI辅助] 默认英语入门 / Default English beginner,https://www.freelancer.com/projects/content-creation/Projection-Mapping-Specialist-Needed
40498349,Moderner Onlineshop für Kunst- und Rollrasen mit Fokus auf Google Leads und Sales,de,fixed,"Internet Marketing, SEO, Link Building, Marketing, German Translator","Sales & Marketing, Websites, IT & Software, Websites, IT & Software, Sales & Marketing, Translation & Languages",3,1,"[AI辅助] 全德语岗位，需创建德语网站内容 / German-only job, needs to build German website content.","[AI辅助] 未发现英语要求，默认入门 / No English requirement found, default beginner.",https://www.freelancer.com/projects/german-translator/Moderner-Onlineshop-Kunst-und-Rollrasen
40498085,Mitwachsender Babybody Schnittmuster,de,fixed,"Fashion Design, Textile Engineering, Sewing, Textile Design, Visual Design, Technical Drawing / Tech Pack, Product Development","Design, Media & Architecture, Engineering & Science, Trades & Services, Design, Media & Architecture, Design, Media & Architecture, Design, Media & Architecture, Business, Accounting, Human Resources & Legal",2,1,[AI辅助] 项目描述和交付物均为德语 / Project description and deliverables are in German,[AI辅助] 未发现英语要求 / No English requirement found,https://www.freelancer.com/projects/fashion-design/Mitwachsender-Babybody-Schnittmuster
40497815,Canadian Cosmetics Water Forwarding,en,fixed,"Legal, Product Sourcing, Contracts, Supplier Sourcing, Freight, Supply Chain","Business, Accounting, Human Resources & Legal, Product Sourcing & Manufacturing, Business, Accounting, Human Resources & Legal, Product Sourcing & Manufacturing, Freight, Shipping & Transportation, Product Sourcing & Manufacturing",0,2,[AI辅助] 未发现德语要求 / No German requirement found,"[AI辅助] 岗位以英语发布，需用英语沟通货运细节，要求流畅英语 / Job posted in English, requires English for shipping coordination, fluent level needed",https://www.freelancer.com/projects/supply-chain/Canadian-Cosmetics-Water-Forwarding
40497437,Sourcing Suppliers for German Market,en,hourly,"Sales, Supplier Sourcing, Market Research, Sales Promotion, Account Management, Sales Management, Business Strategy, Business Development","Sales & Marketing, Product Sourcing & Manufacturing, Sales & Marketing, Sales & Marketing, Business, Accounting, Human Resources & Legal, Sales & Marketing, Business, Accounting, Human Resources & Legal, Business, Accounting, Human Resources & Legal",0,1,[AI辅助] 未发现德语要求 / No German requirement found,[AI辅助] 默认英语入门，因帖子仅使用基础英语 / Default beginner English as only basic English used in post,https://www.freelancer.com/projects/supplier-sourcing/Sourcing-Suppliers-for-German-Market
40496945,Wellness Hotel TikTok Campaigns,en,fixed,"Social Media Marketing, Video Editing, Digital Marketing, Social Media Management, Content Creation, Tiktok Ads","Sales & Marketing, Design, Media & Architecture, Websites, IT & Software, Websites, IT & Software, Writing & Content, Sales & Marketing",0,1,[AI辅助] 未发现德语要求 / No German requirement found,"[AI辅助] 发帖语言为英语，未提及更高要求，默认英语入门 / Post language is English, no higher requirement mentioned, default beginner level",https://www.freelancer.com/projects/video-editing/Wellness-Hotel-TikTok-Campaigns
40496935,Product Data Entry & Sourcing,en,fixed,"Data Entry, Web Search","Data Entry & Admin, Data Entry & Admin",0,2,[AI辅助] 未发现德语要求 / No German requirement found,[AI辅助] 英文岗位，需处理英文产品信息 / English job requiring handling of English product data,https://www.freelancer.com/projects/data-entry/Product-Data-Entry-Sourcing
40495956,Silkroad Online UI Feature Development,en,fixed,"PHP, Java, SQL, C# Programming, C++ Programming, Automation, Reverse Engineering, Bot Development","Websites, IT & Software, Websites, IT & Software, Websites, IT & Software, Websites, IT & Software, Websites, IT & Software, Websites, IT & Software, Websites, IT & Software, Artificial Intelligence",0,1,[AI辅助] 未发现德语要求 / No German requirement found,[AI辅助] 默认英语入门 / Default English beginner,https://www.freelancer.com/projects/automation/Silkroad-Online-Feature-Development
40495796,Realistic Portrait Sketch from Photo,en,fixed,"Graphic Design, Photoshop, Illustration, 3D Modelling, Sketching, Digital Art, 2D Drawing, Procreate","Design, Media & Architecture, Design, Media & Architecture, Design, Media & Architecture, Design, Media & Architecture, Websites, IT & Software, Design, Media & Architecture, Design, Media & Architecture, Design, Media & Architecture",0,1,[AI辅助] 未发现德语要求 / No German requirement found,[AI辅助] 默认英语入门 / Default English beginner,https://www.freelancer.com/projects/procreate/Realistic-Portrait-Sketch-from-Photo
40495345,Video Background Replacement Workflow & Testing,en,fixed,"Video Processing, Video Post-editing, Background Removal, AI-Generated Video, ComfyUI","Engineering & Science, Design, Media & Architecture, Websites, IT & Software, Artificial Intelligence, Artificial Intelligence",0,1,[AI辅助] 未发现德语要求 / No German requirement found,[AI辅助] 默认英语入门 / Default English beginner,https://www.freelancer.com/projects/video-processing/Video-Background-Replacement-Workflow
40495220,Urgent Supabase Bug Fix + Long-Term Web Developer Needed,en,fixed,"PHP, JavaScript, MySQL, HTML, Web Development, Full Stack Development, Backend Development, Frontend Development, Database Management, Payment Processing","Websites, IT & Software, Websites, IT & Software, Websites, IT & Software, Websites, IT & Software, Websites, IT & Software, Websites, IT & Software, Websites, IT & Software, Websites, IT & Software, Business, Accounting, Human Resources & Legal, Business, Accounting, Human Resources & Legal",0,1,[AI辅助] 未发现德语要求 / No German requirement found,[AI辅助] 默认英语入门 / Default English beginner,https://www.freelancer.com/projects/payment-processing/Urgent-Supabase-Bug-Fix-Long
40494978,Create Apple Pay button for payment service Sumup on woocommere checkout,en,fixed,"PHP, WordPress, CSS, HTML, WooCommerce","Websites, IT & Software, Websites, IT & Software, Design, Media & Architecture, Websites, IT & Software, Sales & Marketing",0,1,[AI辅助] 未发现德语要求 / No German requirement found,[AI辅助] 默认英语入门 / Default English beginner,https://www.freelancer.com/projects/php/Create-Apple-Pay-button-for-40494978
40494098,CoinDCX Expert Picks Fetcher,en,fixed,"Java, Mobile App Development, Android, Web Scraping, Software Architecture, JSON, Kotlin, API","Websites, IT & Software, Mobile Phones & Computing, Mobile Phones & Computing, Websites, IT & Software, Websites, IT & Software, Websites, IT & Software, Mobile Phones & Computing, Websites, IT & Software",0,1,[AI辅助] 未发现德语要求 / No German requirement found,[AI辅助] 默认英语入门 / Default English beginner,https://www.freelancer.com/projects/api/CoinDCX-Expert-Picks-Fetcher
40494050,Vermittlung für Ernährungsberatung gesucht,de,fixed,"Internet Marketing, SEO, Sales, Marketing, Article Writing, German Translator, Social Media Marketing, Lead Generation","Sales & Marketing, Websites, IT & Software, Sales & Marketing, Sales & Marketing, Writing & Content, Translation & Languages, Sales & Marketing, Sales & Marketing",3,1,"[AI辅助] 岗位描述为德语，要求出色的书面和口头沟通能力，需良好德语 / Job description is in German, requires outstanding communication skills, needs strong German","[AI辅助] 未提及英语要求，默认英语入门 / No English requirement mentioned, default beginner",https://www.freelancer.com/projects/sales/Vermittlung-Ern-hrungsberatung-gesucht
40492973,Engaging Motion Graphics for Schugle,en,fixed,"Animation, Motion Graphics, Video Editing, Explainer Videos","Design, Media & Architecture, Design, Media & Architecture, Design, Media & Architecture, Design, Media & Architecture",1,1,"[AI辅助] 需要理解德语屏幕文本的目的与内容以确保设计匹配，但仅需基础理解 / German on-screen text understanding is required for design fit, but only basic comprehension is needed.","[AI辅助] 未提及更高英语要求，默认英语入门足以理解项目描述 / No higher English requirement stated, default beginner English suffices to understand the project description.",https://www.freelancer.com/projects/motion-graphics/Engaging-Motion-Graphics-for-Schugle
40493690,Investment Platform Web Application -- 2,en,fixed,"PHP, Website Design, Graphic Design, HTML, Node.js, Full Stack Development, MongoDB, REST API","Websites, IT & Software, Design, Media & Architecture, Design, Media & Architecture, Websites, IT & Software, Websites, IT & Software, Websites, IT & Software, Websites, IT & Software, Websites, IT & Software",0,1,[AI辅助] 未发现德语要求 / No German requirement found,[AI辅助] 默认英语入门 / Default English beginner,https://www.freelancer.com/projects/php/Investment-Platform-Web-Application-40493690
40492924,Baustellen-Diashow mit Musik,de,fixed,"Video Services, Animation, Digital Design, Creative Design, Video Production, Video Editing, A/V editing, Digital Art","Design, Media & Architecture, Design, Media & Architecture, Engineering & Science, Design, Media & Architecture, Design, Media & Architecture, Design, Media & Architecture, Design, Media & Architecture, Design, Media & Architecture",3,1,"[AI辅助] 发帖语言为德语，客户以德语描述需求并期望沟通 / Post in German, client communicates in German.","[AI辅助] 未发现英语要求，默认入门 / No English requirement found, default beginner.",https://www.freelancer.com/projects/av-editing/Baustellen-Diashow-mit-Musik
40492879,Recover Payment From Indian Supplier,en,fixed,"Contracts, Legal Research, Legal Writing, Litigation, Legal Consultation","Business, Accounting, Human Resources & Legal, Business, Accounting, Human Resources & Legal, Writing & Content, Business, Accounting, Human Resources & Legal, Business, Accounting, Human Resources & Legal",0,2,[AI辅助] 未发现德语要求 / No German requirement found,"[AI辅助] 岗位以英语发布，需英语沟通处理法律事务 / Job posted in English, requires English communication for legal matters",https://www.freelancer.com/projects/legal-consultation/Recover-Payment-From-Indian-Supplier
40492060,Unisex Cotton Bikini Underwear Design,en,fixed,"Graphic Design, 3D Rendering, Fashion Design, Covers & Packaging, Pattern Making, 3D Modelling, Textile Design, Technical Drawing / Tech Pack","Design, Media & Architecture, Design, Media & Architecture, Design, Media & Architecture, Design, Media & Architecture, Design, Media & Architecture, Design, Media & Architecture, Design, Media & Architecture, Design, Media & Architecture",0,2,[AI辅助] 未发现德语要求 / No German requirement found,"[AI辅助] 岗位以英语发布，需清晰反馈沟通 / Job posted in English, requires clear feedback communication",https://www.freelancer.com/projects/technical-drawing-tech-pack/Unisex-Cotton-Bikini-Underwear-Design
40491987,Engagierter Remote-Kundendienst auf Englisch,de,hourly,"PHP, Translation, German Translator, English (UK) Translator, Customer Service, Helpdesk, Zendesk, Documentation","Websites, IT & Software, Writing & Content, Translation & Languages, Translation & Languages, Data Entry & Admin, Data Entry & Admin, Websites, IT & Software, Websites, IT & Software",2,2,[rule] 命中规则: gutes deutsch / rule hits: gutes deutsch,[AI辅助] 要求“fließendes Englisch”，对应B1/B2 / “fließendes Englisch” means fluent B1/B2 English required,https://www.freelancer.com/projects/customer-service/Engagierter-Remote-Kundendienst-auf
40491977,Arabic Unity Visual Scripting Guidance,en,fixed,"iPhone, Unity 3D, Game Development, Programming","Mobile Phones & Computing, Websites, IT & Software, Websites, IT & Software, Websites, IT & Software",0,1,[AI辅助] 未发现德语要求 / No German requirement found,"[AI辅助] 未提及英语要求，默认入门 / No English requirement mentioned, default beginner",https://www.freelancer.com/projects/game-development/Arabic-Unity-Visual-Scripting-Guidance
40491914,Optimierung von Facebook-/Meta-Anzeigenkampagnen,de,fixed,"Internet Marketing, Article Writing, Market Research, German Translator, Social Media Marketing, Conversion Rate Optimization, Digital Marketing, Lead Generation, A/B Testing, Facebook Ads","Sales & Marketing, Writing & Content, Sales & Marketing, Translation & Languages, Sales & Marketing, Sales & Marketing, Websites, IT & Software, Sales & Marketing, Websites, IT & Software, Sales & Marketing",1,1,[AI辅助] 未发现德语要求 / No German requirement found,[AI辅助] 默认英语入门 / Default English beginner,https://www.freelancer.com/projects/facebook-ads/Optimierung-von-Facebook-Meta
40491461,Odoo-Freelancer für Anpassungen und Optimierungen gesucht,de,fixed,"JavaScript, XML, Python, Django, ERP, Software Development, Odoo, Web Development","Websites, IT & Software, Websites, IT & Software, Websites, IT & Software, Websites, IT & Software, Business, Accounting, Human Resources & Legal, Websites, IT & Software, Websites, IT & Software, Websites, IT & Software",1,1,"[AI辅助] 岗位接受德语或英语良好，德语非强制 / Job accepts good German or English, German not mandatory","[AI辅助] 岗位接受德语或英语良好，英语最低可为入门 / Job accepts good German or English, English minimum can be beginner",https://www.freelancer.com/projects/odoo/Odoo-Freelancer-Anpassungen-und
40491290,Meta-/Instagram-Werbeanzeige für Immobilien-Investment (Sonder AfA),de,fixed,"Graphic Design, Internet Marketing, Google Adwords, Facebook Marketing, Content Marketing, A/B Testing, Instagram Ads, Facebook Ads","Design, Media & Architecture, Sales & Marketing, Sales & Marketing, Sales & Marketing, Sales & Marketing, Websites, IT & Software, Sales & Marketing, Sales & Marketing",3,1,"[AI辅助] 岗位要求撰写高质量德语广告文案 'sehr gutes, seriöses deutschsprachiges Texten' / Job requires writing high-quality German ad copy with 'very good, reputable German-language text'.","[AI辅助] 未发现英语要求，默认入门 / No English requirement found, default beginner.",https://www.freelancer.com/projects/facebook-ads/Meta-Instagram-Werbeanzeige-Immobilien
40491297,2-Layer Automotive PCB Design: Multi-Port USB Charger & Data Bypass Module (JLCPCB/LCSC Optimized),en,fixed,"Electronics, Microcontroller, Electrical Engineering, PCB Layout, Circuit Design, 2D Drafting, 3D CAD, Automotive Engineering","Engineering & Science, Engineering & Science, Engineering & Science, Engineering & Science, Engineering & Science, Design, Media & Architecture, Design, Media & Architecture, Engineering & Science",0,2,[AI辅助] 未发现德语要求 / No German requirement found,[AI辅助] 英语项目沟通流畅即可 / English for project communication at fluent level is sufficient,https://www.freelancer.com/projects/automotive-engineering/Layer-Automotive-PCB-Design-Multi
40490096,Part-Time Admin & Web Assistant,en,hourly,"Website Design, Graphic Design, WordPress, HTML, Administrative Support, Content Creation, Canva, Content Management System (CMS)","Design, Media & Architecture, Design, Media & Architecture, Websites, IT & Software, Websites, IT & Software, Business, Accounting, Human Resources & Legal, Writing & Content, Design, Media & Architecture, Websites, IT & Software",0,1,[AI辅助] 未发现德语要求 / No German requirement found,[AI辅助] 默认英语入门 / Default English beginner,https://www.freelancer.com/projects/canva/Part-Time-Admin-Web-Assistant
40489865,Long slide game animations,en,fixed,"Animation, 3D Animation, Blender","Design, Media & Architecture, Design, Media & Architecture, Websites, IT & Software",0,2,[AI辅助] 未发现德语要求 / No German requirement found,"[AI辅助] 英文帖子，需协作沟通，流畅英语 / Post in English, collaboration requires fluent English",https://www.freelancer.com/projects/3d-animation/Long-slide-game-animations
40489849,Excel Number Processing,en,fixed,"Data Processing, Data Entry, Accounting, Excel, Data Cleansing, Data Visualization, Data Analysis, Data Management","Data Entry & Admin, Data Entry & Admin, Business, Accounting, Human Resources & Legal, Data Entry & Admin, Data Entry & Admin, Websites, IT & Software, Business, Accounting, Human Resources & Legal, Websites, IT & Software",0,1,[AI辅助] 未发现德语要求 / No German requirement found,[AI辅助] 全英文帖子但未明确要求高于入门英语 / English post but no explicit requirement above beginner,https://www.freelancer.com/projects/Excel-Number-Processing-fix
40489765,Webdesign für Trauerrednerin,de,fixed,"Graphic Design, Web Security, SEO, Website Optimization, Web Application, Web Design, Website Development","Design, Media & Architecture, Websites, IT & Software, Websites, IT & Software, Websites, IT & Software, Websites, IT & Software, Websites, IT & Software, Websites, IT & Software",1,1,"[AI辅助] 未发现德语要求，仅提供德语文本但未要求语言技能 / No German requirement found, only German texts provided but no language skill required","[AI辅助] 默认英语入门，文本未提及任何英语要求 / Default English beginner, no English requirement mentioned",https://www.freelancer.com/projects/web-design/Webdesign-Trauerrednerin
40489409,Milanuncios.com Job Ad Poster,en,hourly,"SEO, Data Entry, Web Scraping, Virtual Assistant, Content Writing, Digital Marketing, Web Development, Social Media Management","Websites, IT & Software, Data Entry & Admin, Websites, IT & Software, Jobs for Anyone, Writing & Content, Websites, IT & Software, Websites, IT & Software, Websites, IT & Software",0,1,[AI辅助] 未发现德语要求 / No German requirement found,"[AI辅助] 发帖语言为英语，需理解基本指令，默认入门 / Posting language is English, basic instruction comprehension needed, default beginner",https://www.freelancer.com/projects/data-entry/Milanuncios-com-Job-Poster
40489129,Corporate PowerPoint Visual Overhaul,en,fixed,"Graphic Design, Logo Design, Powerpoint, Branding, Corporate Identity, Presentations, Microsoft Office, Visual Design","Design, Media & Architecture, Design, Media & Architecture, Writing & Content, Sales & Marketing, Design, Media & Architecture, Design, Media & Architecture, Data Entry & Admin, Design, Media & Architecture",0,1,[AI辅助] 未发现德语要求 / No German requirement found,"[AI辅助] 发帖为英文，未明确要求更高水平，默认入门 / Job posted in English, no higher requirement stated, default beginner",https://www.freelancer.com/projects/branding/Corporate-PowerPoint-Visual-Overhaul
40556279,ABAP SAP GUI Screen Development,en,fixed,"SAP, SAP HANA, Advanced Business Application Programming (ABAP)","Websites, IT & Software, Websites, IT & Software, Websites, IT & Software",0,2,[AI辅助] 未发现德语要求 / No German requirement found,[AI辅助] 项目沟通与文档使用英语，要求流畅水平 / Project communication and docs in English require fluent level,https://www.freelancer.com/projects/sap/ABAP-SAP-GUI-Screen-Development
40556220,E-Commerce App & Logo Design,en,fixed,"PHP, Website Design, Logo Design, Mobile App Development, UX / User Experience, UI / User Interface, AI Chatbot","Websites, IT & Software, Design, Media & Architecture, Design, Media & Architecture, Mobile Phones & Computing, Design, Media & Architecture, Design, Media & Architecture, Artificial Intelligence",0,1,[AI辅助] 未发现德语要求 / No German requirement found,"[AI辅助] 未提及英语要求，默认入门 / No English requirement specified, default beginner",https://www.freelancer.com/projects/ui-design/Commerce-App-Logo-Design
40556123,AutoCAD 3D-Modell Mechanik,de,fixed,"3D Rendering, Home Design, Mechanical Engineering, AutoCAD, 3D Modelling, 3D Design, 3D CAD, 3D Drafting","Design, Media & Architecture, Engineering & Science, Engineering & Science, Engineering & Science, Design, Media & Architecture, Design, Media & Architecture, Design, Media & Architecture, Design, Media & Architecture",1,1,[AI辅助] 未发现德语要求 / No German requirement found,"[AI辅助] 未发现英语要求，默认入门 / No English requirement found, default beginner",https://www.freelancer.com/projects/3d-design/AutoCAD-Modell-Mechanik
40555757,B2B SaaS Google Ads long tail-keyword Strategy Sparring,en,fixed,"Search Engine Marketing, Marketing Strategy, Keyword Research, B2B Marketing, Google Ads","Sales & Marketing, Sales & Marketing, Sales & Marketing, Sales & Marketing, Sales & Marketing",1,2,"[AI辅助] 需进行德语关键词研究，基础德语即可 / German keyword research required, basic German needed",[AI辅助] 项目以英语沟通并涉及英语市场，需流畅英语 / Project communication and English market work require fluent English,https://www.freelancer.com/projects/b2b-marketing/SaaS-Google-Ads-long-tail
40555739,Businessplan im McKinsey-Stil formatieren,de,fixed,"Proofreading, Technical Writing, Editing, Report Writing, Content Writing, Business Writing, Business Plan Writing, Microsoft Word","Writing & Content, Writing & Content, Writing & Content, Writing & Content, Writing & Content, Writing & Content, Writing & Content, Data Entry & Admin",1,1,"[AI辅助] 岗位以德语撰写，文档为德语业务计划，需基础理解以遵循格式说明 / Job written in German, document is a German business plan, basic understanding needed to follow formatting instructions.","[AI辅助] 未提及英语要求，默认入门 / No English requirement mentioned, default beginner.",https://www.freelancer.com/projects/microsoft-word/Businessplan-McKinsey-Stil-formatieren
40555693,Web Application Programming Project,en,fixed,"JavaScript, HTML5, Node.js, AngularJS, Frontend Development, Vue.js, Angular, Web Application","Websites, IT & Software, Websites, IT & Software, Websites, IT & Software, Websites, IT & Software, Websites, IT & Software, Websites, IT & Software, Websites, IT & Software, Websites, IT & Software",0,2,[AI辅助] 未发现德语要求 / No German requirement found,"[AI辅助] 工作描述为英语，需要基本英语沟通 / Job description is in English, basic English communication needed",https://www.freelancer.com/projects/web-application/Web-Application-Programming-Project
40555655,Vimeo-Wix Video-Sperre Setup,de,hourly,"Website Design, Video Services, HTML, Video Production, Video Editing, Wix, Web Development, Vimeo","Design, Media & Architecture, Design, Media & Architecture, Websites, IT & Software, Design, Media & Architecture, Design, Media & Architecture, Websites, IT & Software, Websites, IT & Software, Design, Media & Architecture",3,1,[AI辅助] 明确要求德语母语专业人士 / Explicitly requires German-speaking professional,"[AI辅助] 未提及英语要求，默认入门 / No English requirement mentioned, default beginner",https://www.freelancer.com/projects/vimeo/Vimeo-Wix-Video-Sperre-Setup
40555637,AI-Generated Lifestyle Images,en,fixed,"Graphic Design, Logo Design, Photoshop, Illustrator, AI Graphic Design, AI Art Creation, AI Content Creation, AI Content Editing, AI Design, AI Development","Design, Media & Architecture, Design, Media & Architecture, Design, Media & Architecture, Design, Media & Architecture, Artificial Intelligence, Artificial Intelligence, Artificial Intelligence, Artificial Intelligence, Artificial Intelligence, Artificial Intelligence",0,1,[AI辅助] 未发现德语要求 / No German requirement found,[AI辅助] 默认英语入门 / Default English beginner,https://www.freelancer.com/projects/ai-art-creation/Generated-Lifestyle-Images
40555613,Role-Play Interview Coach Needed,en,hourly,"Sales, Software Development, Interviewing, Public Speaking, Consulting, SaaS","Sales & Marketing, Websites, IT & Software, Business, Accounting, Human Resources & Legal, Business, Accounting, Human Resources & Legal, Business, Accounting, Human Resources & Legal, Websites, IT & Software",0,3,[AI辅助] 未发现德语要求 / No German requirement found,"[AI辅助] 明确要求美式英语流利沟通并提供反馈，暗示C1/C2水平 / Explicitly requires fluent American English and feedback, implying C1/C2 proficiency",https://www.freelancer.com/projects/consulting/Role-Play-Interview-Coach-Needed
40555334,AI Shopify Tool Beta Testing (Must Manage 3+ Active Shopify Stores),en,fixed,"PHP, Website Design, SEO, eCommerce, Shopify, AI Consulting, AI Chatbot Development, AI Content Creation, AI Research, AI Development","Websites, IT & Software, Design, Media & Architecture, Websites, IT & Software, Websites, IT & Software, Websites, IT & Software, Artificial Intelligence, Artificial Intelligence, Artificial Intelligence, Artificial Intelligence, Artificial Intelligence",0,2,[AI辅助] 未发现德语要求 / No German requirement found,"[AI辅助] 项目全程使用英语，需视频反馈沟通，要求流利英语 / Project uses English throughout, video feedback requires fluent English",https://www.freelancer.com/projects/seo/Shopify-Tool-Beta-Testing-Must
40554644,Personal Portfolio Website in React (JavaScript),en,fixed,"JavaScript, Website Design, SEO, CSS, Animation, HTML, Web Development, Frontend Development","Websites, IT & Software, Design, Media & Architecture, Websites, IT & Software, Design, Media & Architecture, Design, Media & Architecture, Websites, IT & Software, Websites, IT & Software, Websites, IT & Software",0,1,[AI辅助] 未发现德语要求 / No German requirement found,[AI辅助] 默认英语入门 / Default English beginner,https://www.freelancer.com/projects/web-development/Personal-Portfolio-Website-React
40553880,Dezentrale Börse mit Liquiditätspool,de,fixed,"PHP, Logo Design, HTML, Blockchain, Ethereum, Solidity, Smart Contracts","Websites, IT & Software, Design, Media & Architecture, Websites, IT & Software, Websites, IT & Software, Websites, IT & Software, Websites, IT & Software, Websites, IT & Software",1,1,[AI辅助] 未发现德语要求 / No German requirement found,"[AI辅助] 未发现英语要求，默认英语入门 / No English requirement found, default beginner",https://www.freelancer.com/projects/blockchain/Dezentrale-rse-mit-Liquidit-tspool
40553791,Build Investment Return Security Token,en,fixed,"Testing / QA, Technical Writing, Software Testing, Research Writing, Compliance, Blockchain, Ethereum, Solidity, Smart Contracts, Binance Smart Chain","Websites, IT & Software, Writing & Content, Websites, IT & Software, Writing & Content, Business, Accounting, Human Resources & Legal, Websites, IT & Software, Websites, IT & Software, Websites, IT & Software, Websites, IT & Software, Websites, IT & Software",0,1,[AI辅助] 未发现德语要求 / No German requirement found,[AI辅助] 默认英语入门 / Default English beginner,https://www.freelancer.com/projects/blockchain/Build-Investment-Return-Security-Token
40553554,Full-Stack DApp Developer Needed,en,hourly,"JavaScript, Node.js, Blockchain, Full Stack Development, Solidity, API Development","Websites, IT & Software, Websites, IT & Software, Websites, IT & Software, Websites, IT & Software, Websites, IT & Software, Websites, IT & Software",0,2,[AI辅助] 未发现德语要求 / No German requirement found,"[AI辅助] 帖子为英语，要求清晰沟通，推断至少流利英语 / Post in English, requires clear communication, infer at least fluent English",https://www.freelancer.com/projects/solidity/Full-Stack-DApp-Developer-Needed
40553500,Luxury Yoga Sailing Video Creation,en,fixed,"Video Services, Animation, Motion Graphics, Videography, Social Media Marketing, Video Editing, Content Creation, Voice Over, Color Grading, Script Writing","Design, Media & Architecture, Design, Media & Architecture, Design, Media & Architecture, Design, Media & Architecture, Sales & Marketing, Design, Media & Architecture, Writing & Content, Design, Media & Architecture, Design, Media & Architecture, Writing & Content",0,1,[AI辅助] 未发现德语要求 / No German requirement found,"[AI辅助] 默认英语入门，未明确要求更高水平 / Default English beginner, no higher level specified",https://www.freelancer.com/projects/motion-graphics/Luxury-Yoga-Sailing-Video-Creation
40553497,JTL-Spezialist für eBay & Amazon gesucht,de,fixed,"SEO, Photoshop, Product Descriptions, eBay, DataLife Engine, Amazon","Websites, IT & Software, Design, Media & Architecture, Writing & Content, Sales & Marketing, Websites, IT & Software, Product Sourcing & Manufacturing",3,1,[AI辅助] 岗位明确要求'Sehr gute Deutschkenntnisse' / Job explicitly requires 'very good German skills',"[AI辅助] 未发现英语要求，默认入门 / No English requirement found, default beginner",https://www.freelancer.com/projects/ebay/JTL-Spezialist-eBay-Amazon-gesucht
40553176,B2B Logistics Cold Calling Expert,en,hourly,"Telemarketing, Sales, Marketing, Voice Talent, Customer Service, Lead Generation, Appointment Setting, B2B Marketing","Sales & Marketing, Sales & Marketing, Sales & Marketing, Design, Media & Architecture, Data Entry & Admin, Sales & Marketing, Business, Accounting, Human Resources & Legal, Sales & Marketing",0,3,[AI辅助] 未发现德语要求 / No German requirement found,[rule] 命中规则: C1 / rule hits: C1,https://www.freelancer.com/projects/lead-generation/Logistics-Cold-Calling-Expert
40553171,ESP32 Camera PCB Design,en,fixed,"Electronics, Microcontroller, Electrical Engineering, PCB Layout, Circuit Design, 3D Printing, Antenna Design, Embedded Systems, PCB Design and Layout, Signal Processing","Engineering & Science, Engineering & Science, Engineering & Science, Engineering & Science, Engineering & Science, Product Sourcing & Manufacturing, Engineering & Science, Engineering & Science, Engineering & Science, Engineering & Science",0,2,[AI辅助] 未发现德语要求 / No German requirement found,"[AI辅助] 工作描述为英语，需理解技术细节，基本流畅英语 / Job description in English, requires fluent understanding of technical details",https://www.freelancer.com/projects/embedded-systems/ESP-Camera-PCB-Design
40553082,MMA Content Video Editor,en,fixed,"Video Services, YouTube, Final Cut Pro, Videography, Video Production, Video Editing, Adobe Premiere Pro, Video Processing, Video Post-editing, Video Ads","Design, Media & Architecture, Websites, IT & Software, Design, Media & Architecture, Design, Media & Architecture, Design, Media & Architecture, Design, Media & Architecture, Websites, IT & Software, Engineering & Science, Design, Media & Architecture, Design, Media & Architecture",0,1,[AI辅助] 未发现德语要求 / No German requirement found,[AI辅助] 默认英语入门 / Default English beginner,https://www.freelancer.com/projects/adobe-premiere-pro/MMA-Content-Video-Editor
40553065,Ecopia Media's Digital Magazine Platform Development,en,fixed,"PHP, Website Design, Graphic Design, HTML, Digital Design, Canva, Magazine Design, Editorial Design, Print Design, Web Design","Websites, IT & Software, Design, Media & Architecture, Design, Media & Architecture, Websites, IT & Software, Engineering & Science, Design, Media & Architecture, Design, Media & Architecture, Websites, IT & Software, Design, Media & Architecture, Websites, IT & Software",0,1,[AI辅助] 未发现德语要求 / No German requirement found,"[AI辅助] 未体现更高英语要求，默认入门 / No higher English requirement shown, default beginner",https://www.freelancer.com/projects/magazine-design/Ecopia-Media-Digital-Magazine-Platform
40552981,Prototyp kontaktloser Seifenspender mit Duft,de,fixed,"Translation, Microcontroller, Ghostwriting, Article Writing, German Translator, 3D Printing, Embedded Systems, Prototyping","Writing & Content, Engineering & Science, Writing & Content, Writing & Content, Translation & Languages, Product Sourcing & Manufacturing, Engineering & Science, Websites, IT & Software",1,1,[AI辅助] 未发现德语要求 / No German requirement found,"[AI辅助] 未明确英语要求，默认入门 / No explicit English requirement, default beginner",https://www.freelancer.com/projects/3d-printing/Prototyp-kontaktloser-Seifenspender-mit
40552856,Baselinker Setup With Otto & Shopify Base.com,en,fixed,"PHP, eCommerce, Technical Support, Order Processing, Inventory Management, Sales Management, API Integration","Websites, IT & Software, Websites, IT & Software, Data Entry & Admin, Data Entry & Admin, Business, Accounting, Human Resources & Legal, Sales & Marketing, Websites, IT & Software",0,1,[AI辅助] 未发现德语要求 / No German requirement found,[AI辅助] 默认英语入门 / Default English beginner,https://www.freelancer.com/projects/api-integration/Baselinker-Setup-With-Otto-Shopify
40552852,Smart Parking Disc Modification -- 2,en,fixed,"Electronics, Microcontroller, Mechanical Engineering, Electrical Engineering, Circuit Design, Embedded Systems, Prototyping, Hardware Security Module, Control Engineering, Automation","Engineering & Science, Engineering & Science, Engineering & Science, Engineering & Science, Engineering & Science, Engineering & Science, Websites, IT & Software, Websites, IT & Software, Engineering & Science, Websites, IT & Software",0,1,[AI辅助] 未发现德语要求 / No German requirement found,[AI辅助] 默认英语入门 / Default English beginner,https://www.freelancer.com/projects/electronics/Smart-Parking-Disc-Modification-40552852
40552330,Development of a Modern Fixed-Price Painting Services Platform Everything in the webshop should be written in German.,en,fixed,"PHP, Website Design, WordPress, HTML, Web Development, Backend Development, API Development, Web Design","Websites, IT & Software, Design, Media & Architecture, Websites, IT & Software, Websites, IT & Software, Websites, IT & Software, Websites, IT & Software, Websites, IT & Software, Websites, IT & Software",0,2,"[AI辅助] 未发现德语要求，仅要求网站内容为德语 / No German requirement for freelancer, only website content must be German",[AI辅助] 发帖语言为英语且项目沟通需英语 / Post language is English and communication requires English,https://www.freelancer.com/projects/web-development/Development-Modern-Fixed-Price-Painting
40552053,DJI Osmo Pocket Color Grading Expert Needed,en,fixed,"Video Services, After Effects, Video Production, Video Editing, Adobe Premiere Pro, DaVinci Resolve, Color Grading, CapCut","Design, Media & Architecture, Design, Media & Architecture, Design, Media & Architecture, Design, Media & Architecture, Websites, IT & Software, Design, Media & Architecture, Design, Media & Architecture, Websites, IT & Software",0,1,[AI辅助] 未发现德语要求 / No German requirement found,"[AI辅助] 默认英语入门，未明确更高要求 / Default English beginner, no explicit higher requirement",https://www.freelancer.com/projects/color-grading/DJI-Osmo-Pocket-Color-Grading
40546051,Freelance Field Representative - Studio Partnerships (Bangalore),en,fixed,"Sales, Sales Promotion, Field Sales, Account Management, Sales Management, Lead Generation, Business Development","Sales & Marketing, Sales & Marketing, Sales & Marketing, Business, Accounting, Human Resources & Legal, Sales & Marketing, Sales & Marketing, Business, Accounting, Human Resources & Legal",0,1,[AI辅助] 未发现德语要求 / No German requirement found,"[AI辅助] 默认英语入门，未体现更高英语要求 / Default English beginner, no higher requirement indicated",https://www.freelancer.com/projects/sales/Freelance-Field-Representative-Studio
40551020,Social Media Content Strategist & Creator,en,fixed,"Copywriting, Internet Marketing, SEO, Content Writing, Social Media Marketing, Video Editing, Social Media Management, Instagram Marketing, Content Creation, Influencer Marketing","Writing & Content, Sales & Marketing, Websites, IT & Software, Writing & Content, Sales & Marketing, Design, Media & Architecture, Websites, IT & Software, Sales & Marketing, Writing & Content, Sales & Marketing",0,2,[AI辅助] 未发现德语要求 / No German requirement found,"[AI辅助] 岗位要求撰写吸引力文案，需流利英语 / Job requires writing compelling captions, so fluent English needed",https://www.freelancer.com/projects/content-creation/Social-Media-Content-Strategist-Creator
40550859,Melancholische Klassik-Songkomposition,de,fixed,"Translation, Ghostwriting, Music, German Translator, Music Production, Music Transcription","Writing & Content, Writing & Content, Design, Media & Architecture, Translation & Languages, Design, Media & Architecture, Design, Media & Architecture",2,1,"[AI辅助] 岗位用德语发布，需理解已有德语歌词与文本 / Job is in German, requires understanding German lyrics and texts.","[AI辅助] 未发现英语要求，默认入门 / No English requirement found, default beginner.",https://www.freelancer.com/projects/german-translator/Melancholische-Klassik-Songkomposition
40550659,German Audio Adaptation of Children’s Stories,en,fixed,"Translation, Audio Services, Voice Talent, German Translator, Creative Writing, Content Writing, Audio Production, Audio Editing, Voice Over, ElevenLabs","Writing & Content, Design, Media & Architecture, Design, Media & Architecture, Translation & Languages, Writing & Content, Writing & Content, Design, Media & Architecture, Design, Media & Architecture, Design, Media & Architecture, Websites, IT & Software",3,2,[AI辅助] 翻译并改编儿童故事需精通德语 / Translating and adapting children's stories requires proficient German,"[AI辅助] 需理解英语儿童脚本，要求流畅英语 / Need to understand English children's scripts, fluent English required",https://www.freelancer.com/projects/translation/German-Audio-Adaptation-Children-Stories
40550417,Hilfe für Stripe-Zahlungsoptionen und Rechnungen,de,fixed,"PHP, Translation, WordPress, German Translator, Compliance, Stripe, Payment Gateway Integration, API, Financial Consulting, Payment Processing","Websites, IT & Software, Writing & Content, Websites, IT & Software, Translation & Languages, Business, Accounting, Human Resources & Legal, Websites, IT & Software, Websites, IT & Software, Websites, IT & Software, Business, Accounting, Human Resources & Legal, Business, Accounting, Human Resources & Legal",2,1,[AI辅助] 文本明确要求'flüssiges Deutsch' / The text explicitly requires 'fluent German',"[AI辅助] 未发现英语要求，设定为默认入门 / No English requirement found, default beginner",https://www.freelancer.com/projects/stripe/Hilfe-Stripe-Zahlungsoptionen-und
40550207,Master Thesis Examiner Needed,en,fixed,"Research, Report Writing, Article Writing, Research Writing, Digital Marketing, Marketing Strategy, Academic Writing, Academic Achievement, Academic Research, AI Content Creation","Writing & Content, Writing & Content, Writing & Content, Writing & Content, Websites, IT & Software, Sales & Marketing, Writing & Content, Education, Writing & Content, Artificial Intelligence",0,3,[AI辅助] 未发现德语要求 / No German requirement found,[AI辅助] 需要高水平学术英语进行论文评审 / High-level academic English is required for thesis examination,https://www.freelancer.com/projects/digital-marketing/Master-Thesis-Examiner-Needed
40549835,LearnDash WooCommerce Kursverkauf Integration,de,fixed,"PHP, Website Design, WordPress, CSS, HTML, WooCommerce, Payment Gateway Integration, Documentation, Local Job, LearnDash","Websites, IT & Software, Design, Media & Architecture, Websites, IT & Software, Design, Media & Architecture, Websites, IT & Software, Sales & Marketing, Websites, IT & Software, Websites, IT & Software, Jobs for Anyone, Websites, IT & Software",3,1,[AI辅助] 明确要求德语母语者，需熟悉德国法律 / Explicitly requires a German-speaking freelancer familiar with German law,"[AI辅助] 未提及英语要求，默认入门水平 / No English requirement mentioned, default beginner level",https://www.freelancer.com/projects/learndash/LearnDash-WooCommerce-Kursverkauf
40549809,Digital Ergonomics | Human Simulation | Xsens Motion Capture | ema Work Designer,en,hourly,"Product Design, 3D Modelling, 3D Animation, Human Sciences, 3D Design, Digital Design, Simulation, Digital Product Design, Process Simulation, User Ergonomics","Product Sourcing & Manufacturing, Design, Media & Architecture, Design, Media & Architecture, Engineering & Science, Design, Media & Architecture, Engineering & Science, Engineering & Science, Design, Media & Architecture, Websites, IT & Software, Design, Media & Architecture",0,2,[AI辅助] 未发现德语要求 / No German requirement found,"[AI辅助] 英文发布岗位，需撰写技术文档和报告，流畅英语 / Job posted in English, requires writing technical docs and reports, fluent English",https://www.freelancer.com/projects/simulation/Digital-Ergonomics-Human-Simulation
40549724,Video & HTML5 Ads,en,fixed,"Graphic Design, Branding, Advertising, Animation, After Effects, Creative Design, Video Ads","Design, Media & Architecture, Sales & Marketing, Sales & Marketing, Design, Media & Architecture, Design, Media & Architecture, Design, Media & Architecture, Design, Media & Architecture",0,1,[AI辅助] 未发现德语要求 / No German requirement found,"[AI辅助] 未明确要求英语水平，默认入门 / No explicit English requirement, default beginner",https://www.freelancer.com/projects/video-ads/Video-HTML-Ads
40549344,Remote Software Sales Executive Needed,en,fixed,"Excel, Sales, CRM, Salesforce.com, Account Management, Lead Generation, Business Development, SaaS","Data Entry & Admin, Sales & Marketing, Sales & Marketing, Business, Accounting, Human Resources & Legal, Business, Accounting, Human Resources & Legal, Sales & Marketing, Business, Accounting, Human Resources & Legal, Websites, IT & Software",0,2,[AI辅助] 未发现德语要求 / No German requirement found,[AI辅助] 需要演示与谈判，要求流畅英语 / Demos and negotiations require fluent English,https://www.freelancer.com/projects/saas/Remote-Software-Sales-Executive-Needed
40548129,30-Second Portfolio Showcase Video,en,fixed,"Video Services, After Effects, Final Cut Pro, Video Production, Video Editing, Adobe Premiere Pro, DaVinci Resolve, Video Post-editing","Design, Media & Architecture, Design, Media & Architecture, Design, Media & Architecture, Design, Media & Architecture, Design, Media & Architecture, Websites, IT & Software, Design, Media & Architecture, Design, Media & Architecture",0,1,[AI辅助] 未发现德语要求 / No German requirement found,[AI辅助] 默认英语入门 / Default English beginner,https://www.freelancer.com/projects/adobe-premiere-pro/Second-Portfolio-Showcase-Video
40547976,Fan Video Social Media Manager,en,fixed,"Copywriting, YouTube, Article Writing, Creative Writing, Content Writing, Video Editing, Social Media Management, Content Creation","Writing & Content, Websites, IT & Software, Writing & Content, Writing & Content, Writing & Content, Design, Media & Architecture, Websites, IT & Software, Writing & Content",0,2,[AI辅助] 未发现德语要求 / No German requirement found,"[AI辅助] 岗位发布语言为英语，需创作英文文案，推断需要流畅英语 / Job post in English and requires English copywriting, so fluent English is inferred",https://www.freelancer.com/projects/video-editing/Fan-Video-Social-Media-Manager
40547404,German B2B Cold Calling Specialist,en,fixed,"Internet Marketing, Telemarketing, Sales, Google Adwords, CRM, German Translator, Customer Service, Lead Generation, Appointment Setting, B2B Marketing","Sales & Marketing, Sales & Marketing, Sales & Marketing, Sales & Marketing, Sales & Marketing, Translation & Languages, Data Entry & Admin, Sales & Marketing, Business, Accounting, Human Resources & Legal, Sales & Marketing",3,1,[AI辅助] 要求母语水平德语用于电话预约 / Native-level German required for cold calling and appointment setting,"[AI辅助] 未提及英语要求，默认入门水平 / No English requirement mentioned, default beginner level",https://www.freelancer.com/projects/german-translator/German-Cold-Calling-Specialist
40547381,Edit University Startup Pitch Video,en,fixed,"Video Services, Commercials, Video Production, Video Editing, Video Post-editing, Audio Editing, Video Ads, Subtitles & Captions","Design, Media & Architecture, Design, Media & Architecture, Design, Media & Architecture, Design, Media & Architecture, Design, Media & Architecture, Design, Media & Architecture, Design, Media & Architecture, Translation & Languages",0,2,[AI辅助] 未发现德语要求 / No German requirement found.,[AI辅助] 岗位发布和视频内容均为英语，需要理解以编辑和字幕 / Job and video are in English; must understand to edit and subtitle.,https://www.freelancer.com/projects/subtitles-and-captions/Edit-University-Startup-Pitch-Video
40547281,Interior Designer / FF&E + Finish CDs — 4-Unit Gut Reno (Architect Already Engaged),en,fixed,"Project Management, Building Architecture, Home Design, AutoCAD, Interior Design, Lighting Design, Exterior Design","Business, Accounting, Human Resources & Legal, Design, Media & Architecture, Engineering & Science, Engineering & Science, Design, Media & Architecture, Design, Media & Architecture, Writing & Content",0,1,[AI辅助] 未发现德语要求 / No German requirement found,"[AI辅助] 默认英语入门，未明确要求更高水平 / Default English beginner, no explicit higher requirement stated",https://www.freelancer.com/projects/lighting-design/Interior-Designer-Finish-CDs-Unit
40545906,Google Product Review Writing,en,fixed,"Copywriting, Audio Services, Voice Talent, Creative Writing, Content Writing, SEO Writing, Content Creation, Content Development","Writing & Content, Design, Media & Architecture, Design, Media & Architecture, Writing & Content, Writing & Content, Writing & Content, Writing & Content, Writing & Content",0,3,[AI辅助] 未发现德语要求 / No German requirement found,[AI辅助] 需求明确要求 native-level fluency，所以英语必须精通 / Requires native-level English fluency mandatory,https://www.freelancer.com/projects/seo-writing/Google-Product-Review-Writing
40545583,AI Specialist in Claude Code & Higgsfield Needed,en,fixed,"Prompt Engineering, AI Model Development, AI Content Creation, AI Content Editing, AI Development, Higgsfield, Claude Code, AI Video","Artificial Intelligence, Artificial Intelligence, Artificial Intelligence, Artificial Intelligence, Artificial Intelligence, Artificial Intelligence, Artificial Intelligence, Artificial Intelligence",0,3,[AI辅助] 未发现德语要求 / No German requirement found,"[AI辅助] 要求优秀的英语沟通能力，需要精通 / Excellent English communication required, indicating proficiency",https://www.freelancer.com/projects/claude-code/Specialist-Claude-Code-Higgsfield-Needed
40545571,Exakte Wiederzeichnung eines Designs für Kleidung,de,fixed,"Graphic Design, Logo Design, Photoshop, Fashion Design, Illustration, Photoshop Design, Adobe Illustrator, SVG, Vector Tracing, Vector Design","Design, Media & Architecture, Design, Media & Architecture, Design, Media & Architecture, Design, Media & Architecture, Design, Media & Architecture, Design, Media & Architecture, Websites, IT & Software, Websites, IT & Software, Design, Media & Architecture, Design, Media & Architecture",1,1,[AI辅助] 未发现德语要求 / No German requirement found,[AI辅助] 默认英语入门 / Default English beginner,https://www.freelancer.com/projects/vector-design/Exakte-Wiederzeichnung-eines-Designs
40545475,App-freier Trennungsalarm entwickeln,de,fixed,"Wireless, Electronics","Engineering & Science, Engineering & Science",1,1,[AI辅助] 未发现德语要求 / No German requirement found,"[AI辅助] 未提及英语要求，默认入门 / No English requirement mentioned, default beginner",https://www.freelancer.com/projects/electronics/App-freier-Trennungsalarm-entwickeln
40545319,Stundenbasierte Buchhaltung Berlin,de,hourly,"Accounting, Bookkeeping","Business, Accounting, Human Resources & Legal, Data Entry & Admin",1,1,[AI辅助] 未发现德语要求 / No German requirement found,"[AI辅助] 未提及英语要求，默认入门 / No English requirement, default beginner",https://www.freelancer.com/projects/accounting/Stundenbasierte-Buchhaltung-Berlin
40543517,Outdoor Ultrasonic Vehicle Detection,en,hourly,"Engineering, Electronics, Product Design, Circuit Design, Electronic Design, Embedded Systems, Signal Processing, Object Detection","Engineering & Science, Engineering & Science, Product Sourcing & Manufacturing, Engineering & Science, Engineering & Science, Engineering & Science, Engineering & Science, Artificial Intelligence",0,1,[AI辅助] 未发现德语要求 / No German requirement found,"[AI辅助] 默认英语入门，未提及更高要求 / Default English beginner, no higher requirement mentioned",https://www.freelancer.com/projects/object-detection/Outdoor-Ultrasonic-Vehicle-Detection
40542509,Lexware to Sage Accounting Migration -- 2,en,fixed,"XML, Data Processing, Accounting, Excel, Intuit QuickBooks, Financial Analysis, Xero","Websites, IT & Software, Data Entry & Admin, Business, Accounting, Human Resources & Legal, Data Entry & Admin, Business, Accounting, Human Resources & Legal, Business, Accounting, Human Resources & Legal, Business, Accounting, Human Resources & Legal",0,1,[AI辅助] 未发现德语要求 / No German requirement found,[AI辅助] 默认英语入门 / Default English beginner,https://www.freelancer.com/projects/xml/Lexware-Sage-Accounting-Migration-40542509
40542455,Traditionelles T-Shirt-Design Elektro Kaya,de,fixed,"Graphic Design, Logo Design, Photoshop, Typography, T-Shirts, Creative Design, Adobe Illustrator, Adobe Photoshop, Print Design, Design Optimization","Design, Media & Architecture, Design, Media & Architecture, Design, Media & Architecture, Design, Media & Architecture, Design, Media & Architecture, Design, Media & Architecture, Websites, IT & Software, Design, Media & Architecture, Design, Media & Architecture, Design, Media & Architecture",3,1,"[AI辅助] 项目描述全部为德语，需理解详细设计说明 / Job description entirely in German, requires understanding detailed design brief","[AI辅助] 未提及英语要求，默认入门 / No English requirement stated, default beginner",https://www.freelancer.com/projects/print-design/Traditionelles-Shirt-Design-Elektro-Kaya
40542359,Deep Voice British Male Poem Voiceover (NO AI!!!),en,fixed,"Audio Services, Voice Talent, Sound Design, Audio Production, Audio Editing, Voice Over, Audio Engineering, Voice Acting","Design, Media & Architecture, Design, Media & Architecture, Design, Media & Architecture, Design, Media & Architecture, Design, Media & Architecture, Design, Media & Architecture, Design, Media & Architecture, Design, Media & Architecture",0,3,[AI辅助] 未提及德语要求 / No German requirement mentioned,"[AI辅助] 要求英式男性配音，需英语精通 / British male voiceover required, implying proficient English",https://www.freelancer.com/projects/voice-over/Deep-Voice-British-Male-Poem
40541192,"Software-Trainer / Einweiser (m/w/d) für Waagensoftware (Minijob, 603 € fest, 100% Remote)",de,fixed,"Training, Customer Support, Software Documentation, TeamViewer","Business, Accounting, Human Resources & Legal, Data Entry & Admin, Data Entry & Admin, Telecommunications",3,2,"[AI辅助] 要求完美德语，流利且无误 / Perfect German required, fluent and error-free","[AI辅助] 要求与英语开发者沟通，需流畅英语 / Requires communication with English developers, fluent English needed",https://www.freelancer.com/projects/customer-support/Software-Trainer-Einweiser
40582547,Book & Promote Speaking Engagements,en,fixed,"Internet Marketing, Marketing, Virtual Assistant, Public Relations, Email Marketing, Creative Writing, Content Writing, Social Media Management, Media Relations, Public Speaking, Event Management","Sales & Marketing, Sales & Marketing, Jobs for Anyone, Business, Accounting, Human Resources & Legal, Sales & Marketing, Writing & Content, Writing & Content, Websites, IT & Software, Sales & Marketing, Business, Accounting, Human Resources & Legal, Business, Accounting, Human Resources & Legal",0,2,[AI辅助] 未发现德语要求 / No German requirement found,[AI辅助] 需撰写英文宣传材料并沟通媒体与校方，要求英语流畅 / English needed for writing press releases and communicating with media and school PRs,https://www.freelancer.com/projects/public-relations/Book-Promote-Speaking-Engagements
40581264,Customer Lead Generation/Meeting Setter for Expats in Germany,en,fixed,"Telemarketing, Sales, Finance, Market Research, Customer Service, Sales Promotion, Sales Management, Expatriate Tax, Lead Generation, Appointment Setting","Sales & Marketing, Sales & Marketing, Business, Accounting, Human Resources & Legal, Sales & Marketing, Data Entry & Admin, Sales & Marketing, Sales & Marketing, Business, Accounting, Human Resources & Legal, Sales & Marketing, Business, Accounting, Human Resources & Legal",0,2,[AI辅助] 未发现德语要求 / No German requirement found,[AI辅助] 需要英语进行客户沟通 / English required for client communication,https://www.freelancer.com/projects/lead-generation/Customer-Lead-Generation-Meeting-Setter
40582513,Online Coaching: Addison Accounting Software,de,fixed,"Data Entry, Accounting, Excel, Finance, Web Search, Payroll, German Translator, Bookkeeping","Data Entry & Admin, Business, Accounting, Human Resources & Legal, Data Entry & Admin, Business, Accounting, Human Resources & Legal, Data Entry & Admin, Business, Accounting, Human Resources & Legal, Translation & Languages, Data Entry & Admin",2,1,"[AI辅助] 发帖与辅导全程使用德语，需理解会计流程 / Post and coaching use German, needs to follow accounting steps","[AI辅助] 未提及英语要求，默认入门 / No English requirement mentioned, default beginner",https://www.freelancer.com/projects/accounting/Online-Coaching-Addison-Accounting
40577455,Deutsche Einzelsatz-Aufnahmen per Smartphone oder Komputer,de,hourly,"Ghostwriting, Voice Talent, German Translator, Audio Production, Audio Editing, German Tutoring, Voice Over","Writing & Content, Design, Media & Architecture, Translation & Languages, Design, Media & Architecture, Design, Media & Architecture, Education, Design, Media & Architecture",3,1,[rule] 命中规则: muttersprachler / rule hits: muttersprachler,"[AI辅助] 未提及英语要求，默认入门 / No English requirement mentioned, default beginner",https://www.freelancer.com/projects/voice-over/Deutsche-Einzelsatz-Aufnahmen-per
40581933,Dynamics 365 Business Central Consultant in Alabama,en,hourly,"Project Management, Troubleshooting, Freelance, Business Analysis, Local Job, Power BI, Business Central, API Integration, SaaS","Business, Accounting, Human Resources & Legal, Websites, IT & Software, Jobs for Anyone, Business, Accounting, Human Resources & Legal, Jobs for Anyone, Websites, IT & Software, Websites, IT & Software, Websites, IT & Software, Websites, IT & Software",0,3,[AI辅助] 未发现德语要求 / No German requirement found,[AI辅助] 要求优秀的英语沟通能力 / Requires excellent English communication skills,https://www.freelancer.com/projects/business-central/Dynamics-Business-Central-Consultant-40581933
40581820,Wedding Dance Song Mashup,en,fixed,"Audio Services, Music, Sound Design, Creative Writing, Audio Production, Audio Editing, Audio Mastering, Audio Engineering, Music Production, Sound Effects","Design, Media & Architecture, Design, Media & Architecture, Design, Media & Architecture, Writing & Content, Design, Media & Architecture, Design, Media & Architecture, Design, Media & Architecture, Design, Media & Architecture, Design, Media & Architecture, Design, Media & Architecture",0,1,[AI辅助] 未发现德语要求 / No German requirement found,[AI辅助] 默认英语入门 / Default English beginner,https://www.freelancer.com/projects/audio-editing/Wedding-Dance-Song-Mashup
40581781,Recreate Brochure in InDesign,en,fixed,"Graphic Design, PDF, Adobe InDesign, Brochure Design, Adobe Illustrator, Adobe Creative Cloud, Adobe Photoshop, Print Design","Design, Media & Architecture, Writing & Content, Design, Media & Architecture, Design, Media & Architecture, Websites, IT & Software, Websites, IT & Software, Design, Media & Architecture, Design, Media & Architecture",0,1,[AI辅助] 未发现德语要求 / No German requirement found,[AI辅助] 默认英语入门 / Default English beginner,https://www.freelancer.com/projects/print-design/Recreate-Brochure-InDesign
40581687,Berlin Public Networking Event Videography,en,fixed,"After Effects, Videography, Post-Production, Social Media Marketing, Video Production, Video Editing, Cinematography, Audio Editing, Content Creation, Film Production","Design, Media & Architecture, Design, Media & Architecture, Design, Media & Architecture, Sales & Marketing, Design, Media & Architecture, Design, Media & Architecture, Websites, IT & Software, Design, Media & Architecture, Writing & Content, Design, Media & Architecture",0,1,[AI辅助] 未发现德语要求 / No German requirement found,[AI辅助] 默认英语入门 / Default English beginner,https://www.freelancer.com/projects/social-media-marketing/Berlin-Public-Networking-Event
40581696,Otomoto photos and video colected - by Polish Speaker person,en,fixed,"Translation, Photography, Data Entry, Photo Editing, Polish Translator, English (US) Translator, Video Production, Video Editing, Social Media Management, Content Creation","Writing & Content, Design, Media & Architecture, Data Entry & Admin, Design, Media & Architecture, Translation & Languages, Translation & Languages, Design, Media & Architecture, Design, Media & Architecture, Websites, IT & Software, Writing & Content",0,1,[AI辅助] 未发现德语要求 / No German requirement found,"[AI辅助] 岗位未明确英语水平，默认入门 / Job does not specify English proficiency, default beginner",https://www.freelancer.com/projects/photography/Otomoto-photos-video-colected-Polish
40581613,Sender Newsletter Campaign Guidance,en,fixed,"Copywriting, Technical Support, Email Marketing, Digital Marketing, Marketing Strategy, Content Strategy, A/B Testing, Email Campaign","Writing & Content, Data Entry & Admin, Sales & Marketing, Websites, IT & Software, Sales & Marketing, Writing & Content, Websites, IT & Software, Sales & Marketing",0,1,[AI辅助] 未发现德语要求 / No German requirement found,"[AI辅助] 默认英语入门；仅要求通过屏幕共享清晰讲解，未指定水平 / Default English beginner; only clear explanation via screen sharing required, no level specified",https://www.freelancer.com/projects/email-marketing/Sender-Newsletter-Campaign-Guidance
40581552,Shopify Backend Manager for App Testing,en,fixed,"PHP, Website Design, Data Processing, SEO, HTML, Shopify, Web Development, API, Data Analysis, Shopify Development","Websites, IT & Software, Design, Media & Architecture, Data Entry & Admin, Websites, IT & Software, Websites, IT & Software, Websites, IT & Software, Websites, IT & Software, Websites, IT & Software, Business, Accounting, Human Resources & Legal, Websites, IT & Software",0,1,[AI辅助] 未发现德语要求 / No German requirement found,"[AI辅助] 发帖语言为英语但未明确要求更高水平，默认入门 / Post language is English but no explicit higher level, default beginner",https://www.freelancer.com/projects/shopify-development/Shopify-Backend-Manager-for-App
40581466,Hyper-V Cluster Netzkonfiguration -- 2,de,hourly,"Windows Server, Network Administration, Virtualization, Documentation, Network Security, System Administration","Websites, IT & Software, Websites, IT & Software, Mobile Phones & Computing, Websites, IT & Software, Websites, IT & Software, Websites, IT & Software",3,1,[AI辅助] 明确要求德语支持且发帖语言为德语，需良好德语 / German support explicitly required and posting is in German,"[AI辅助] 未发现英语要求，默认入门 / No English requirement found, default beginner",https://www.freelancer.com/projects/windows-server/Hyper-Cluster-Netzkonfiguration
40581326,Portfolio/Business Website Creation,en,fixed,"PHP, JavaScript, Website Design, SEO, WordPress, CSS, HTML, Web Development","Websites, IT & Software, Websites, IT & Software, Design, Media & Architecture, Websites, IT & Software, Websites, IT & Software, Design, Media & Architecture, Websites, IT & Software, Websites, IT & Software",0,2,[AI辅助] 未发现德语要求 / No German requirement found,"[AI辅助] 工作描述为英语，需流畅沟通 / Job description in English, fluent communication expected",https://www.freelancer.com/projects/web-development/Portfolio-Business-Website-Creation
40581252,Next.js Saas Auth /Payment / Ai credits etc.,en,fixed,"Stripe, Next.js, SaaS, Supabase","Websites, IT & Software, Websites, IT & Software, Websites, IT & Software, Websites, IT & Software",0,2,[AI辅助] 未发现德语要求 / No German requirement found,[AI辅助] 全英文技术岗位需流畅英语沟通 / Full English technical posting requires fluent English communication,https://www.freelancer.com/projects/nextjs/Next-Saas-Auth-Payment-credits
40580198,Hiring for my office work assistant virtual,en,hourly,"Research, Excel, Virtual Assistant, Odd Jobs, Automation, Zapier, AI Chatbot Development, AI Development","Writing & Content, Data Entry & Admin, Jobs for Anyone, Jobs for Anyone, Websites, IT & Software, Websites, IT & Software, Artificial Intelligence, Artificial Intelligence",0,3,[AI辅助] 未发现德语要求 / No German requirement found,"[AI辅助] 明确要求流利英语口语与书面，代表外部沟通 / Strong English spoken and written essential, representing externally",https://www.freelancer.com/projects/research/Hiring-for-office-work-assistant
40580194,Mystery Thriller Audiobook Narrator,en,hourly,"Audio Services, Editing, Voice Talent, Audio Production, Audio Editing, Voice Over, Voice Acting, Audiobook","Design, Media & Architecture, Writing & Content, Design, Media & Architecture, Design, Media & Architecture, Design, Media & Architecture, Design, Media & Architecture, Design, Media & Architecture, Design, Media & Architecture",0,2,[AI辅助] 未发现德语要求 / No German requirement found,"[AI辅助] 要求清晰中性英语发音，推断流畅英语 / Requires clear neutral English diction, infer fluent English",https://www.freelancer.com/projects/audiobook/Mystery-Thriller-Audiobook-Narrator
40579392,Thesis Rewriting on Narrative Economics,en,fixed,"Research, Proofreading, Technical Writing, Editing, Article Writing, Finance, Research Writing, Article Rewriting, Economics, Academic Writing","Writing & Content, Writing & Content, Writing & Content, Writing & Content, Writing & Content, Business, Accounting, Human Resources & Legal, Writing & Content, Writing & Content, Business, Accounting, Human Resources & Legal, Writing & Content",0,1,[AI辅助] 未发现德语要求 / No German requirement found,"[AI辅助] 文本未体现更高英语要求，默认入门 / No higher English requirement evident, default beginner",https://www.freelancer.com/projects/academic-writing/Thesis-Rewriting-Narrative-Economics
40579126,InDesign Professional for Book Formatting,en,fixed,"Graphic Design, Typography, Adobe InDesign, Format and Layout, Adobe Illustrator, Adobe Creative Cloud, Adobe Photoshop, Print Design","Design, Media & Architecture, Design, Media & Architecture, Design, Media & Architecture, Design, Media & Architecture, Websites, IT & Software, Websites, IT & Software, Design, Media & Architecture, Design, Media & Architecture",0,1,[AI辅助] 未发现德语要求 / No German requirement found,"[AI辅助] 未明确要求英语水平，默认入门 / No explicit English level stated, default beginner",https://www.freelancer.com/projects/adobe-creative-cloud/InDesign-Professional-for-Book
40579057,Livingroom Floor Plan improvement/fix,en,fixed,"CAD/CAM, Building Architecture, Home Design, AutoCAD, Building Design, Landscape Design","Engineering & Science, Design, Media & Architecture, Engineering & Science, Engineering & Science, Trades & Services, Trades & Services",0,1,[AI辅助] 未发现德语要求 / No German requirement found,"[AI辅助] 默认英语入门，仅需基础沟通 / Default English beginner, basic communication assumed",https://www.freelancer.com/projects/building-designer/Livingroom-Floor-Plan-improvement-fix
40579006,600+ Bavaria Businesses with Outdated Websites - Qualified Leads for Web Agencies and Designers,en,fixed,"Website Design, Graphic Design, WordPress, HTML, Website Build, WordPress Design","Design, Media & Architecture, Design, Media & Architecture, Websites, IT & Software, Websites, IT & Software, Websites, IT & Software, Design, Media & Architecture",0,1,[AI辅助] 未发现德语要求 / No German requirement found,"[AI辅助] 未提及英语要求，默认入门 / No English requirement mentioned, default beginner",https://www.freelancer.com/projects/website-design/Bavaria-Businesses-with-Outdated
40577865,Excel-to-Python Add-in Platform,en,fixed,"JavaScript, Software Architecture, Software Development, Office Add-ins, API Development, FastAPI","Websites, IT & Software, Websites, IT & Software, Websites, IT & Software, Websites, IT & Software, Websites, IT & Software, Websites, IT & Software",0,1,[AI辅助] 未发现德语要求 / No German requirement found,"[AI辅助] 未明确英语要求，默认入门 / No explicit English requirement, default beginner",https://www.freelancer.com/projects/fastapi/Excel-Python-Add-Platform
40577742,Modern business cards with professional designs,en,hourly,"Graphic Design, Logo Design, Data Entry, Social Media Marketing, Digital Marketing, QR Code Making","Design, Media & Architecture, Design, Media & Architecture, Data Entry & Admin, Sales & Marketing, Websites, IT & Software, Websites, IT & Software",0,1,[AI辅助] 未发现德语要求 / No German requirement found,[AI辅助] 默认英语入门 / Default English beginner,https://www.freelancer.com/projects/graphic-design/Modern-business-cards-with-professional-40577742
40577488,Mermaid Coloring & Activity Book Creation,en,fixed,"Photoshop, Illustrator, Illustration, Caricature & Cartoons, Visual Arts, Creative Design, Adobe Illustrator, Character Design","Design, Media & Architecture, Design, Media & Architecture, Design, Media & Architecture, Design, Media & Architecture, Design, Media & Architecture, Design, Media & Architecture, Websites, IT & Software, Design, Media & Architecture",0,1,[AI辅助] 未发现德语要求；活动文本虽为德语但将由客户提供 / No German requirement found; activity texts in German will be provided by client,"[AI辅助] 默认英语入门，因发帖语言为英语 / Default English beginner, as the post is in English",https://www.freelancer.com/projects/adobe-illustrator/Mermaid-Coloring-Activity-Book-Creation
40577558,YouTube Workshop-Video erstellen,de,fixed,"Graphic Design, Video Services, Affiliate Marketing, Video Production, Video Editing, Digital Marketing, Audio Editing, Content Creation, Voice Over, Script Writing","Design, Media & Architecture, Design, Media & Architecture, Sales & Marketing, Design, Media & Architecture, Design, Media & Architecture, Websites, IT & Software, Design, Media & Architecture, Writing & Content, Design, Media & Architecture, Writing & Content",3,1,"[AI辅助] 明确要求德语配音和德语沟通 / German voice-over required, post in German","[AI辅助] 未提及英语要求，默认入门 / No English requirement found, default beginner",https://www.freelancer.com/projects/video-editing/YouTube-Workshop-Video-erstellen
40577522,Commission-Based B2B Sales and Lead Generation,en,fixed,"Internet Marketing, Sales, Leads, Market Research, Account Management, Lead Generation, B2B Marketing, Business Development","Sales & Marketing, Sales & Marketing, Sales & Marketing, Sales & Marketing, Business, Accounting, Human Resources & Legal, Sales & Marketing, Sales & Marketing, Business, Accounting, Human Resources & Legal",0,1,[AI辅助] 未发现德语要求 / No German requirement found,[AI辅助] 默认英语入门 / Default English beginner,https://www.freelancer.com/projects/b2b-marketing/Commission-Based-Sales-Lead-Generation
40577513,Premium 3D Finance App Trailer,en,fixed,"Video Services, 3D Rendering, Animation, After Effects, 3D Modelling, 3D Animation, 3D Design, Video Production, 3D Visualization, 3D Graphic Design","Design, Media & Architecture, Design, Media & Architecture, Design, Media & Architecture, Design, Media & Architecture, Design, Media & Architecture, Design, Media & Architecture, Design, Media & Architecture, Design, Media & Architecture, Design, Media & Architecture, Design, Media & Architecture",0,1,[AI辅助] 未发现德语要求 / No German requirement found,[AI辅助] 默认英语入门 / Default English beginner,https://www.freelancer.com/projects/rendering/Premium-Finance-App-Trailer
40575940,Customize Mechanical 3D-Printable Puzzle Box,en,fixed,"CAD/CAM, Product Design, 3D Modelling, 3D Design, 3D Printing","Engineering & Science, Product Sourcing & Manufacturing, Design, Media & Architecture, Design, Media & Architecture, Product Sourcing & Manufacturing",0,2,[AI辅助] 未发现德语要求 / No German requirement found,"[AI辅助] 项目使用英语沟通，需流畅阅读与书写 / Job uses English for communication, fluent reading and writing needed",https://www.freelancer.com/projects/3d-design/Customize-Mechanical-Printable-Puzzle
40575835,WordPress Blog Relaunch Design Stadt-Entwicklungsspirale,de,hourly,"PHP, Website Design, WordPress, HTML, Website Management, Mailchimp, UI / User Interface, Website Optimization, WordPress Multilingual, Web Design","Websites, IT & Software, Design, Media & Architecture, Websites, IT & Software, Websites, IT & Software, Websites, IT & Software, Sales & Marketing, Design, Media & Architecture, Websites, IT & Software, Websites, IT & Software, Websites, IT & Software",2,1,"[AI辅助] 整个项目描述为德语，且博客为德语内容，需流畅德语沟通 / Entire posting is in German and the blog is German, requiring fluent German communication","[AI辅助] 未提及英语要求，默认入门 / No English requirement mentioned, default beginner",https://www.freelancer.com/projects/html/WordPress-Blog-Relaunch-Design-Stadt
40575749,Build WordPress Website with Kadence & Gutenberg,en,fixed,"Graphic Design, SEO, WordPress, CSS, HTML, Web Development, Website Optimization, WordPress Design, Web Design","Design, Media & Architecture, Websites, IT & Software, Websites, IT & Software, Design, Media & Architecture, Websites, IT & Software, Websites, IT & Software, Websites, IT & Software, Design, Media & Architecture, Websites, IT & Software",0,1,[AI辅助] 未发现德语要求 / No German requirement found,"[AI辅助] 发帖语言为英语但未明确要求水平，默认入门 / Job post is in English but no explicit proficiency stated, default beginner",https://www.freelancer.com/projects/wordpress/Build-WordPress-Website-with-Kadence
40575382,100k German Corporate Leads,en,fixed,"Data Entry, Web Scraping, Leads, Web Search, Google Sheets, Lead Generation, B2B Marketing, Database Management","Data Entry & Admin, Websites, IT & Software, Sales & Marketing, Data Entry & Admin, Websites, IT & Software, Sales & Marketing, Sales & Marketing, Business, Accounting, Human Resources & Legal",0,1,[AI辅助] 未发现德语要求 / No German requirement found,[AI辅助] 默认英语入门 / Default English beginner,https://www.freelancer.com/projects/b2b-marketing/German-Corporate-Leads
40569837,Bulk YouTube To MP3 Conversion,en,fixed,"Audio Services, YouTube, Software Development, Video Editing, Audio Production, Scripting, Audio Processing, Audio Editing","Design, Media & Architecture, Websites, IT & Software, Websites, IT & Software, Design, Media & Architecture, Design, Media & Architecture, Websites, IT & Software, Engineering & Science, Design, Media & Architecture",0,1,[AI辅助] 未发现德语要求 / No German requirement found,[AI辅助] 默认英语入门 / Default English beginner,https://www.freelancer.com/projects/audio-editing/Bulk-YouTube-Conversion
40575201,Hiring Animator for Viral YouTube Shorts,en,fixed,"Video Services, After Effects, Sound Design, Video Production, Video Editing, Adobe Premiere Pro, 2D Animation, Video Post-editing, Visual Effects, Character Animation","Design, Media & Architecture, Design, Media & Architecture, Design, Media & Architecture, Design, Media & Architecture, Design, Media & Architecture, Websites, IT & Software, Design, Media & Architecture, Design, Media & Architecture, Design, Media & Architecture, Design, Media & Architecture",0,1,[AI辅助] 未发现德语要求 / No German requirement found,[AI辅助] 默认英语入门 / Default English beginner,https://www.freelancer.com/projects/video-services/Hiring-Animator-for-Viral-YouTube
40574106,Video Editor für OfficeTrainings Academy gesucht (m/w/d) - Produktion nur deutsch,de,fixed,"Video Services, Editing, YouTube, Microsoft Outlook, Video Editing, Adobe Premiere Pro, DaVinci Resolve, CapCut","Design, Media & Architecture, Writing & Content, Websites, IT & Software, Data Entry & Admin, Design, Media & Architecture, Websites, IT & Software, Design, Media & Architecture, Websites, IT & Software",3,1,[AI辅助] 岗位明确要求C2德语 / Job explicitly requires C2 German,[AI辅助] 未发现英语要求 / No English requirement found,https://www.freelancer.com/projects/adobe-premiere-pro/Video-Editor-OfficeTrainings-Academy
40573904,WordPress Betheme Nonprofit Site Build,en,fixed,"PHP, Website Design, SEO, WordPress, HTML, Web Development, WordPress Design, Web Design, WordPress Plugin, Website Development","Websites, IT & Software, Design, Media & Architecture, Websites, IT & Software, Websites, IT & Software, Websites, IT & Software, Websites, IT & Software, Design, Media & Architecture, Websites, IT & Software, Websites, IT & Software, Websites, IT & Software",0,1,[AI辅助] 未发现德语要求 / No German requirement found,"[AI辅助] 全英文职位描述，默认基础英语沟通 / English job post, default beginner English required",https://www.freelancer.com/projects/wordpress-design/WordPress-Betheme-Nonprofit-Site-Build
40573536,WordPress-Outlook Digital Group Booking System,en,fixed,"WordPress, Microsoft Outlook, Power Automate","Websites, IT & Software, Data Entry & Admin, Websites, IT & Software",0,1,"[AI辅助] 仅提及 native speaker 为加分项，未要求德语 / Only mentions native speaker as a plus, no German required.","[AI辅助] 未明确要求英语水平，默认入门 / No explicit English level stated, default beginner.",https://www.freelancer.com/projects/wordpress/WordPress-Outlook-Digital-Group-Booking
40573369,Debian Touchscreen Terminal App,de,hourly,"Python, Linux, Software Architecture, Software Development, Ubuntu, Qt, Desktop Application, REST API","Websites, IT & Software, Websites, IT & Software, Websites, IT & Software, Websites, IT & Software, Websites, IT & Software, Websites, IT & Software, Websites, IT & Software, Websites, IT & Software",1,1,[AI辅助] 未发现德语要求 / No German requirement found,"[AI辅助] 未发现更高英语要求，默认入门 / No higher English requirement found, default beginner",https://www.freelancer.com/projects/desktop-application/Debian-Touchscreen-Terminal-App
40572908,Kundendienst-Webseite erstellen,de,fixed,"PHP, Website Design, Graphic Design, SEO, HTML, Web Development, Web Design","Websites, IT & Software, Design, Media & Architecture, Design, Media & Architecture, Websites, IT & Software, Websites, IT & Software, Websites, IT & Software, Websites, IT & Software",2,1,"[AI辅助] 岗位描述全为德语，应聘者需理解德文需求并可能用德语沟通 / Job description entirely in German, requiring understanding of tasks and likely communication","[AI辅助] 未提及英语要求，默认英语入门 / No English requirement mentioned, default beginner level",https://www.freelancer.com/projects/web-design/Kundendienst-Webseite-erstellen
40567893,Land Development Design and Promotional Video,en,fixed,"Video Services, 3D Rendering, Animation, 3D Modelling, 3D Animation, 3D Design, 2D Drafting, 3D Visualization","Design, Media & Architecture, Design, Media & Architecture, Design, Media & Architecture, Design, Media & Architecture, Design, Media & Architecture, Design, Media & Architecture, Design, Media & Architecture, Design, Media & Architecture",0,1,[AI辅助] 未发现德语要求 / No German requirement found,"[AI辅助] 发帖为英语，默认需入门英语 / Post in English, default beginner English",https://www.freelancer.com/projects/3d-visualization/Land-Development-Design-Promo-Video
40572785,Boost AI Visibility with SEO/GEO,en,fixed,"Internet Marketing, SEO, Link Building, Marketing, Analytics, Content Writing, Digital Marketing, Content Strategy, Keyword Research","Sales & Marketing, Websites, IT & Software, Websites, IT & Software, Sales & Marketing, Websites, IT & Software, Writing & Content, Websites, IT & Software, Writing & Content, Sales & Marketing",0,1,[AI辅助] 未发现德语要求 / No German requirement found,[AI辅助] 默认英语入门 / Default English beginner,https://www.freelancer.com/projects/keyword-research/Boost-Visibility-with-SEO-GEO
40572766,Multilingual IR Dissertation Specialist -- 2,en,fixed,"Translation, Research, Proofreading, Report Writing, Article Writing, Research Writing, Content Writing, Academic Writing, Academic Research, Writing Tutoring","Writing & Content, Writing & Content, Writing & Content, Writing & Content, Writing & Content, Writing & Content, Writing & Content, Writing & Content, Writing & Content, Education",0,1,[AI辅助] 未发现德语要求 / No German requirement found,[AI辅助] 默认英语入门 / Default English beginner,https://www.freelancer.com/projects/academic-writing/Multilingual-Dissertation-Specialist
40571793,"$100 PER LEAD, Consumer Leads Campaign",en,fixed,"Website Design, Data Entry, Sales, Bulk Marketing, Advertising, Leads, Email Marketing, Social Media Marketing, Digital Marketing, Content Marketing, Lead Generation","Design, Media & Architecture, Data Entry & Admin, Sales & Marketing, Sales & Marketing, Sales & Marketing, Sales & Marketing, Sales & Marketing, Sales & Marketing, Websites, IT & Software, Sales & Marketing, Sales & Marketing",0,1,[AI辅助] 未发现德语要求 / No German requirement found,[AI辅助] 默认英语入门 / Default English beginner,https://www.freelancer.com/projects/lead-generation/PER-LEAD-Consumer-Leads-Campaign
40571661,Bilingual Polish-German Customer Calls,en,fixed,"Voice Talent, Phone Support, German Translator, Polish Translator, Customer Service, Time Management, Documentation","Design, Media & Architecture, Data Entry & Admin, Translation & Languages, Translation & Languages, Data Entry & Admin, Data Entry & Admin, Websites, IT & Software",3,1,[AI辅助] 要求波兰语和德语母语水平 / Native-level fluency in Polish and German mandated,"[AI辅助] 未发现英语要求，默认入门 / No English requirement found, default beginner",https://www.freelancer.com/projects/customer-service/Bilingual-Polish-German-Customer-Calls
40571065,Senior React Frontend Engineer Needed,en,hourly,"JavaScript, CSS, HTML5, AngularJS, GraphQL, CI/CD, Webpack, REST API","Websites, IT & Software, Design, Media & Architecture, Websites, IT & Software, Websites, IT & Software, Websites, IT & Software, Websites, IT & Software, Websites, IT & Software, Websites, IT & Software",0,2,[AI辅助] 未发现德语要求 / No German requirement found,"[AI辅助] 职位描述和交付物均为英文，需能沟通协作 / Job post and deliverables are in English, requiring working proficiency",https://www.freelancer.com/projects/graphql/Senior-React-Frontend-Engineer-Needed
40570783,LinkedIn Banner for English coach in Germany,en,fixed,"Graphic Design, Banner Design, Photoshop, Branding, B2B Marketing, Canva, Visual Design","Design, Media & Architecture, Design, Media & Architecture, Design, Media & Architecture, Sales & Marketing, Sales & Marketing, Design, Media & Architecture, Design, Media & Architecture",3,1,[AI辅助] 明确要求德语母语者 / German native speaker explicitly required,"[AI辅助] 未发现英语要求，默认入门 / No English requirement found, default beginner",https://www.freelancer.com/projects/canva/LinkedIn-Banner-for-English-coach
40570836,iOS Release & Zertifikate Hilfe,de,fixed,"Mobile App Development, iPhone, Objective C, Mobile App Testing, Swift, iOS Development, Mobile Development, Xcode","Mobile Phones & Computing, Mobile Phones & Computing, Websites, IT & Software, Websites, IT & Software, Websites, IT & Software, Websites, IT & Software, Websites, IT & Software, Websites, IT & Software",2,1,"[AI辅助] 帖子语言为德语且未提英语要求, 需流畅沟通 / Post is in German, requiring fluent communication",[AI辅助] 默认英语入门 / Default English beginner,https://www.freelancer.com/projects/ios-development/iOS-Release-Zertifikate-Hilfe
40570625,Bestehendes Logo vektorisieren,de,fixed,"Graphic Design, Logo Design, Photoshop, Illustrator, Vectorization, Adobe Illustrator, Adobe Creative Cloud, Adobe Photoshop","Design, Media & Architecture, Design, Media & Architecture, Design, Media & Architecture, Design, Media & Architecture, Design, Media & Architecture, Websites, IT & Software, Websites, IT & Software, Design, Media & Architecture",2,1,"[AI辅助] 帖子完全以德语撰写且要求精确沟通细节，推断需流畅德语 / The post is entirely in German and requires precise communication, so fluent German is inferred.","[AI辅助] 未发现英语要求，默认英语入门 / No English requirement found, default English beginner.",https://www.freelancer.com/projects/vectorization/Bestehendes-Logo-vektorisieren
40569312,Engaging Instagram Reel Creation,en,hourly,"Video Services, Animation, Videography, Social Media Marketing, Video Production, Video Editing, Social Media Management, Instagram Marketing, Content Creation, Video Ads","Design, Media & Architecture, Design, Media & Architecture, Design, Media & Architecture, Sales & Marketing, Design, Media & Architecture, Design, Media & Architecture, Websites, IT & Software, Sales & Marketing, Writing & Content, Design, Media & Architecture",0,1,[AI辅助] 未发现德语要求 / No German requirement found,[AI辅助] 默认英语入门 / Default English beginner,https://www.freelancer.com/projects/content-creation/Engaging-Instagram-Reel-Creation-40569312
40568960,Deutschsprachige UGC-Creator für Ads,de,fixed,"Social Networking, Digital Marketing, Content Marketing, Social Media Management, Performance Management, Content Development","Websites, IT & Software, Websites, IT & Software, Sales & Marketing, Websites, IT & Software, Business, Accounting, Human Resources & Legal, Writing & Content",3,1,[AI辅助] 要求德语母语者 / Native German speaker required,"[AI辅助] 未发现英语要求，默认入门 / No English requirement found, default beginner",https://www.freelancer.com/projects/content-development/Deutschsprachige-UGC-Creator-Ads
40568928,Langfristige ganzheitliche SEO-Optimierung für landwirtschaftliches Produkt,de,fixed,"Internet Marketing, SEO, Link Building, Marketing, Looker Studio","Sales & Marketing, Websites, IT & Software, Websites, IT & Software, Sales & Marketing, Websites, IT & Software",2,1,"[AI辅助] 岗位描述完全用德语撰写且需持续沟通，推断至少需要B1/B2德语 / Job description entirely in German and requires ongoing communication, so at least B1/B2 German is inferred","[AI辅助] 未提及英语要求，默认入门水平 / No English requirement mentioned, default beginner",https://www.freelancer.com/projects/looker-studio/Langfristige-ganzheitliche-SEO
40568927,Ganzheitliche SEO-Optimierung nach Google-Richtlinien - für GoKart-Hersteller,de,fixed,"Internet Marketing, SEO, Link Building, Marketing, Google Analytics, Content Strategy, Keyword Research, Documentation, Competitor Analysis, Looker Studio","Sales & Marketing, Websites, IT & Software, Websites, IT & Software, Sales & Marketing, Websites, IT & Software, Writing & Content, Sales & Marketing, Websites, IT & Software, Sales & Marketing, Websites, IT & Software",1,1,"[AI辅助] 未发现德语要求，虽然职位描述为德语但未声明语言强制 / No German requirement found, post is in German but no language mandate stated","[AI辅助] 未提及英语要求，默认入门 / No English requirement mentioned, default beginner",https://www.freelancer.com/projects/google-analytics/Ganzheitliche-SEO-Optimierung-nach
40568747,Laufende WordPress-Unterstützung gesucht,de,hourly,"PHP, Website Design, SEO, WordPress, HTML, Website Management, Web Development, Website Optimization, Performance Tuning, Web Design","Websites, IT & Software, Design, Media & Architecture, Websites, IT & Software, Websites, IT & Software, Websites, IT & Software, Websites, IT & Software, Websites, IT & Software, Websites, IT & Software, Websites, IT & Software, Websites, IT & Software",1,1,[AI辅助] 未发现德语要求 / No German requirement found,[AI辅助] 默认英语入门 / Default English beginner,https://www.freelancer.com/projects/html/Laufende-WordPress-Unterst-tzung-gesucht
40568672,Cinematic Retreat Promo Video,en,fixed,"Video Services, Animation, After Effects, Videography, Sound Design, Video Production, Video Editing, Cinematography, Film Production, Video Ads","Design, Media & Architecture, Design, Media & Architecture, Design, Media & Architecture, Design, Media & Architecture, Design, Media & Architecture, Design, Media & Architecture, Design, Media & Architecture, Websites, IT & Software, Design, Media & Architecture, Design, Media & Architecture",0,1,[AI辅助] 未发现德语要求 / No German requirement found,[AI辅助] 默认英语入门 / Default English beginner,https://www.freelancer.com/projects/video-production/Cinematic-Retreat-Promo-Video
40568651,Wissenschaftlich-Künstlerische Publikation Begleitung,de,fixed,"Graphic Design, Content Writing, Editorial Design, Print Design, Content Development","Design, Media & Architecture, Writing & Content, Websites, IT & Software, Design, Media & Architecture, Writing & Content",2,1,"[AI辅助] 发帖为德语且需与德国大学沟通、编辑德语内容 / Post in German, requires communication and editing in German","[AI辅助] 出版物为德英双语，需基础英语阅读处理材料 / Publication bilingual, basic English reading needed",https://www.freelancer.com/projects/editorial-design/Wissenschaftlich-nstlerische-Publikation
40568389,FAA Experimental Aircraft Annual Inspection,en,fixed,"Technical Documentation, A&P, Aircraft Performance, Aircraft Systems, Aviation","Writing & Content, Engineering & Science, Engineering & Science, Engineering & Science, Engineering & Science",0,2,[AI辅助] 未发现德语要求 / No German requirement found,[AI辅助] 需要撰写英文日志并遵循FAA英文法规，需流畅英语 / English logbook entries & FAA regulations demand fluent English,https://www.freelancer.com/projects/ap/FAA-Experimental-Aircraft-Annual
40567730,Invoice Formatting & Graphic Updates,en,fixed,"Graphic Design, Logo Design, Photoshop, Illustrator, Adobe InDesign, Word, Adobe Illustrator, Visual Design, Microsoft Word, Adobe Photoshop","Design, Media & Architecture, Design, Media & Architecture, Design, Media & Architecture, Design, Media & Architecture, Design, Media & Architecture, Design, Media & Architecture, Websites, IT & Software, Design, Media & Architecture, Data Entry & Admin, Design, Media & Architecture",0,1,[AI辅助] 未发现德语要求 / No German requirement found,"[AI辅助] 默认英语入门，未明确要求更高水平 / Default English beginner, no higher level specified",https://www.freelancer.com/projects/word/Invoice-Formatting-Graphic-Updates
