id,title,type,de_level,en_level,de_reason,en_reason,bid_count,budget_min_eur,budget_max_eur,bid_avg_eur,P,C,z_P,z_C,bargain_score,bargain_tier,url
40505114,WebScrapper for a real estate information -- 2,fixed,0,1,[AI辅助] 未发现德语要求 / No German requirement found,[AI辅助] 默认英语入门 / Default English beginner,105.0,30.000000000000004,250.00000000000003,143.03809523809525,0.5138095238095238,4.663439094112067,-0.14535082561165336,0.8112988374545023,-0.4783248315330778,low,https://www.freelancer.com/projects/php/WebScrapper-for-real-estate-information
40505063,German Sales Appointment Setter,fixed,2,1,[rule] 命中规则: fluent german / rule hits: fluent german,"[AI辅助] 未发现英语要求，默认入门 / No English requirement found, default beginner",4.0,1500.0,3000.0,2012.5,0.3416666666666667,1.6094379124341003,-0.36371693777283737,-1.8543940016214493,0.745338531924306,high,https://www.freelancer.com/projects/sales/German-Sales-Appointment-Setter
40504861,SolidWorks Winkelanpassung mit STEP-Ausgabe,hourly,1,1,[AI辅助] 未发现德语要求 / No German requirement found,"[AI辅助] 未提及英语要求，默认入门 / No English requirement stated, default beginner",23.0,12.0,18.0,15.652173913043478,0.6086956521739131,3.1780538303479458,-0.024986174455876538,-0.48522353609266194,0.2301186808183927,mid,https://www.freelancer.com/projects/3d-cad/SolidWorks-Winkelanpassung-mit-STEP
40504835,"Request for SAP CPI / SAP Integration Developer – Dhahran, Saudi Arabia",fixed,0,1,[AI辅助] 未发现德语要求 / No German requirement found,"[AI辅助] 无明确英语要求，默认入门 / No explicit English requirement, default beginner",23.0,5000.0,10000.0,6950.652173913043,0.3901304347826086,3.1780538303479458,-0.30223983207232635,-0.48522353609266194,0.0914918520101678,mid,https://www.freelancer.com/projects/troubleshooting/Request-for-SAP-CPI-SAP
40504799,E-Commerce Subscription Website Developer – Supabase + React + Mollie,fixed,0,2,[AI辅助] 未发现德语要求 / No German requirement found,[rule] 命中规则: good english / rule hits: good english,239.0,25.95964141081998,216.33034509016647,137.70467385059615,0.5869864967668316,5.480638923341991,-0.05252460354453326,1.5245938243527768,-0.788559213948655,low,https://www.freelancer.com/projects/github/Commerce-Subscription-Website-Developer
40504725,Temporary Instagram Outreach Assistant,hourly,0,2,[AI辅助] 未发现德语要求 / No German requirement found,[AI辅助] 需要清晰友善的英语书写 / Requires clear and friendly written English,74.0,2.0,6.0,4.023648648648648,0.5059121621621621,4.31748811353631,-0.15536876180655512,0.5093346282967924,-0.3323516950516738,mid,https://www.freelancer.com/projects/social-media-management/Temporary-Instagram-Outreach-Assistant
40503215,Poshmark US Shirt Purchase & Forwarding,fixed,0,2,[AI辅助] 未发现德语要求 / No German requirement found,[AI辅助] 需要英语沟通采购与物流细节 / English required for communicating purchase and logistics details,2.0,8.0,30.000000000000004,19.5,0.5227272727272726,1.0986122886681098,-0.13403851098693234,-2.3002694699935153,1.0831154795032916,high,https://www.freelancer.com/projects/product-sourcing/Poshmark-Shirt-Purchase-Forwarding
40503696,Amazon Listing Image Creation,fixed,0,1,[AI辅助] 未发现德语要求 / No German requirement found,[AI辅助] 默认英语入门 / Default English beginner,45.0,8.0,30.000000000000004,23.33333333333333,0.6969696969696967,3.828641396489095,0.08699093738444066,0.08264350556363892,0.0021737159104008724,mid,https://www.freelancer.com/projects/rendering/Amazon-Listing-Image-Creation
40503221,Travel Agency Client Database,fixed,0,1,[AI辅助] 未发现德语要求 / No German requirement found,[AI辅助] 默认英语入门 / Default English beginner,153.0,30.000000000000004,250.00000000000003,159.41816993464053,0.5882644087938205,5.0369526024136295,-0.05090355062575891,1.1373210703046406,-0.5941123104651997,low,https://www.freelancer.com/projects/web-application/Travel-Agency-Client-Database
40503121,Personalized Romantic Manga Comic,fixed,0,1,[AI辅助] 未发现德语要求 / No German requirement found,"[AI辅助] 默认英语入门，无更高要求 / Default English beginner, no higher requirement indicated",68.0,30.000000000000004,250.00000000000003,95.29411764705884,0.2967914438502674,4.23410650459726,-0.4206419133508355,0.43655477503644236,-0.42859834419363896,low,https://www.freelancer.com/projects/character-design/Personalized-Romantic-Manga-Comic
40503014,Instagram Outreach Specialist | Remote | Commission-Based,fixed,0,2,[AI辅助] 未发现德语要求 / No German requirement found,"[AI辅助] 工作需英语沟通，最低流畅水平 / Requires English communication, minimum fluent level",20.0,30.000000000000004,250.00000000000003,99.85,0.31749999999999995,3.044522437723423,-0.3943727612643453,-0.6017767578944483,0.1037019983150515,mid,https://www.freelancer.com/projects/lead-generation/Instagram-Outreach-Specialist-Remote
40502839,Virtual Assistant Support Needed in Bulgaria,hourly,0,2,"[AI辅助] 未强制要求德语，仅作为英语替代选项提及 / German not mandatory, mentioned as alternative to English","[AI辅助] 要求流利英语，明确提及strong proficiency / Fluent English required, explicitly strong proficiency",1.0,6.0,12.0,9.0,0.5,0.6931471805599453,-0.16286843903537215,-2.654180739466319,1.2456561502154735,high,https://www.freelancer.com/projects/translation/Virtual-Assistant-Support-Needed
40502670,Professional 3D Website Visuals,hourly,0,1,[AI辅助] 未发现德语要求 / No German requirement found,[AI辅助] 默认英语入门 / Default English beginner,63.0,15.000000000000002,60.00000000000001,30.57142857142857,0.3460317460317459,4.1588830833596715,-0.35817976111591493,0.37089581703510355,-0.36453778907550927,mid,https://www.freelancer.com/projects/blender/Professional-Website-Visuals
40502615,German Coaching Site SEO Strategist Needed,fixed,0,1,[AI辅助] 未发现德语要求 / No German requirement found,[AI辅助] 默认英语入门 / Default English beginner,85.0,8.65321380360666,25.95964141081998,47.33816963149525,2.235294117647058,4.454347296253507,2.0383813613690442,0.6287925202975327,0.7047944205357557,high,https://www.freelancer.com/projects/keyword-research/German-Coaching-Site-SEO-Strategist
40502450,Instagram- und Facebook-Werbekonten einrichten,fixed,2,1,"[AI辅助] 职位描述为德语，需用德语沟通任务 / Job description in German, German needed for task communication","[AI辅助] 未发现英语要求，默认入门 / No English requirement found, default beginner",26.0,30.000000000000004,250.00000000000003,129.65384615384616,0.45297202797202796,3.295836866004329,-0.22252421322791335,-0.3824163084473401,0.07994604760971337,mid,https://www.freelancer.com/projects/facebook-ads/Instagram-und-Facebook-Werbekonten
40501799,Temporary Finance & Admin Assistant Needed in Germany,hourly,2,2,"[AI辅助] 岗位描述要求德语流利，对应B1/B2水平 / Job requires fluent German, indicating B1/B2 level","[AI辅助] 岗位描述要求英语流利，对应B1/B2水平 / Job requires fluent English, indicating B1/B2 level",17.0,18.0,36.0,23.58823529411765,0.31045751633986934,2.8903717578961645,-0.40330627034131594,-0.7363275779201435,0.16651065378941377,mid,https://www.freelancer.com/projects/google-sheets/Temporary-Finance-Admin-Assistant-Needed
40500599,Countryside School Website,fixed,0,1,[AI辅助] 未发现德语要求 / No German requirement found,[AI辅助] 默认英语入门 / Default English beginner,451.0,30.000000000000004,250.00000000000003,162.520044345898,0.6023638379358999,6.113682179832232,-0.03301818740738892,2.0771472699032425,-1.0550827286553157,low,https://www.freelancer.com/projects/web-development/Countryside-School-Website
40500593,Stadtmotiv Bildstreifen-Illustration,fixed,1,1,"[AI辅助] 未发现德语要求，但发帖语言为德语 / No German requirement stated, but post is in German","[AI辅助] 默认英语入门，无英语要求 / Default English beginner, no English requirement specified",45.0,30.000000000000004,250.00000000000003,97.31111111111112,0.30595959595959593,3.828641396489095,-0.4090119580622753,0.08264350556363892,-0.2458277318129571,mid,https://www.freelancer.com/projects/adobe-creative-cloud/Stadtmotiv-Bildstreifen-Illustration
40500554,AI Interview Practice and Real Time Coaching Web App MVP,hourly,0,2,[AI辅助] 未发现德语要求 / No German requirement found,"[AI辅助] 工作语言为英语且要求美国开发者，需流利英语 / Job language is English, US developer required, fluent English needed",179.0,21.63303450901665,43.2660690180333,34.9125754690767,0.6138547486033519,5.19295685089021,-0.018441773786226443,1.2734897825252955,-0.645965778155761,low,https://www.freelancer.com/projects/nextjs/Interview-Practice-Real-Time-Coaching
40500518,Personal Biography Ghostwriting,hourly,0,2,[AI辅助] 未发现德语要求 / No German requirement found,[AI辅助] 要求流利的英语写作能力 / Requires fluent English writing skills,44.0,2.0,6.0,3.977272727272727,0.49431818181818177,3.8066624897703196,-0.1700759210474822,0.06345915992472619,-0.11676754048610419,mid,https://www.freelancer.com/projects/biography-writing/Personal-Biography-Ghostwriting-40500518
40500257,SEO GROWTH PARTNERS WANTED ACROSS EUROPE,fixed,0,1,[AI辅助] 未发现德语要求 / No German requirement found,[AI辅助] 默认英语入门 / Default English beginner,69.0,250.00000000000003,750.0,405.5942028985508,0.31118840579710155,4.248495242049359,-0.4023791247609278,0.44911402177790305,-0.42574657326941545,low,https://www.freelancer.com/projects/generative-engine-optimization/SEO-GROWTH-PARTNERS-WANTED-ACROSS
40500216,"1,000 German Do-Follow Backlinks -- 2",fixed,1,2,"[AI辅助] 需在德语博客发布内容，可能需基础德语 / Need to post on German blogs, basic German likely required","[AI辅助] 发帖语言为英语，需与客户英语沟通，要求流畅 / Post is in English, client communication requires fluent English",71.0,25.95964141081998,216.33034509016647,123.66783164112223,0.5132522407170296,4.276666119016055,-0.1460577485958591,0.4737030446804258,-0.30988039663814243,mid,https://www.freelancer.com/projects/content-writing/German-Follow-Backlinks-40500216
40499962,Format Word Manuscript InDesign -- 3,fixed,0,1,[AI辅助] 未发现德语要求 / No German requirement found,[AI辅助] 默认英语入门 / Default English beginner,89.0,30.000000000000004,100.0,79.68988764044943,0.7098555377207061,4.499809670330265,0.10333684329903196,0.6684744712250108,-0.28256881396298944,mid,https://www.freelancer.com/projects/graphic-design/Format-Word-Manuscript-InDesign-40499962
40499347,"**Siemens TIA Portal Commissioning Engineer (Freelance) – Satu Mare, Romania**",hourly,0,2,[AI辅助] 未发现德语要求 / No German requirement found,[rule] 命中规则: good english / rule hits: good english,9.0,40.0,60.00000000000001,49.11111111111112,0.4555555555555559,2.302585092994046,-0.2192469649967655,-1.2493786903211646,0.5150658626621996,high,https://www.freelancer.com/projects/electrical-engineering/Siemens-PLC-Commissioning-Automotive
40498349,Moderner Onlineshop für Kunst- und Rollrasen mit Fokus auf Google Leads und Sales,fixed,3,1,"[AI辅助] 全德语岗位，需创建德语网站内容 / German-only job, needs to build German website content.","[AI辅助] 未发现英语要求，默认入门 / No English requirement found, default beginner.",45.0,300.0,600.0,398.51088888888887,0.32836962962962957,3.828641396489095,-0.38058445309838707,0.08264350556363892,-0.231613979331013,mid,https://www.freelancer.com/projects/german-translator/Moderner-Onlineshop-Kunst-und-Rollrasen
40498085,Mitwachsender Babybody Schnittmuster,fixed,2,1,[AI辅助] 项目描述和交付物均为德语 / Project description and deliverables are in German,[AI辅助] 未发现英语要求 / No English requirement found,1.0,30.000000000000004,250.00000000000003,30.000000000000004,0.0,0.6931471805599453,-0.7971268561010517,-2.654180739466319,0.9285269416826336,high,https://www.freelancer.com/projects/fashion-design/Mitwachsender-Babybody-Schnittmuster
40497437,Sourcing Suppliers for German Market,hourly,0,1,[AI辅助] 未发现德语要求 / No German requirement found,[AI辅助] 默认英语入门，因帖子仅使用基础英语 / Default beginner English as only basic English used in post,8.0,2.0,6.0,3.2875,0.321875,2.1972245773362196,-0.38882300011502047,-1.3413428892204278,0.47625994455270365,high,https://www.freelancer.com/projects/supplier-sourcing/Sourcing-Suppliers-for-German-Market
40496945,Wellness Hotel TikTok Campaigns,fixed,0,1,[AI辅助] 未发现德语要求 / No German requirement found,"[AI辅助] 发帖语言为英语，未提及更高要求，默认英语入门 / Post language is English, no higher requirement mentioned, default beginner level",43.0,30.000000000000004,250.00000000000003,172.7674418604651,0.6489429175475686,3.784189633918261,0.026068159198357647,0.04384366950585719,-0.008887755153749772,mid,https://www.freelancer.com/projects/video-editing/Wellness-Hotel-TikTok-Campaigns
40496935,Product Data Entry & Sourcing,fixed,0,2,[AI辅助] 未发现德语要求 / No German requirement found,[AI辅助] 英文岗位，需处理英文产品信息 / English job requiring handling of English product data,22.0,25.95964141081998,216.33034509016647,58.055591392097575,0.1685971074380166,3.1354942159291497,-0.5832585871300743,-0.5223718057366458,-0.030443390696714256,mid,https://www.freelancer.com/projects/data-entry/Product-Data-Entry-Sourcing
40495956,Silkroad Online UI Feature Development,fixed,0,1,[AI辅助] 未发现德语要求 / No German requirement found,[AI辅助] 默认英语入门 / Default English beginner,36.0,8.0,30.000000000000004,19.194444444444443,0.5088383838383836,3.6109179126442243,-0.15165680034986795,-0.10739700105628941,-0.02212989964678927,mid,https://www.freelancer.com/projects/automation/Silkroad-Online-Feature-Development
40495796,Realistic Portrait Sketch from Photo,fixed,0,1,[AI辅助] 未发现德语要求 / No German requirement found,[AI辅助] 默认英语入门 / Default English beginner,55.0,8.0,30.000000000000004,33.872727272727275,1.1760330578512397,4.02535169073515,0.6946908752782244,0.254342595233318,0.2201741400224532,mid,https://www.freelancer.com/projects/procreate/Realistic-Portrait-Sketch-from-Photo
40495345,Video Background Replacement Workflow & Testing,fixed,0,1,[AI辅助] 未发现德语要求 / No German requirement found,[AI辅助] 默认英语入门 / Default English beginner,26.0,25.95964141081998,216.33034509016647,83.90289230343228,0.3043706293706295,3.295836866004329,-0.41102758892925156,-0.3824163084473401,-0.014305640240955736,mid,https://www.freelancer.com/projects/video-processing/Video-Background-Replacement-Workflow
40495220,Urgent Supabase Bug Fix + Long-Term Web Developer Needed,fixed,0,1,[AI辅助] 未发现德语要求 / No German requirement found,[AI辅助] 默认英语入门 / Default English beginner,281.0,25.95964141081998,216.33034509016647,123.48074509036357,0.5122694920737626,5.641907070938114,-0.147304381793563,1.665357144549605,-0.906330763171584,low,https://www.freelancer.com/projects/payment-processing/Urgent-Supabase-Bug-Fix-Long
40494978,Create Apple Pay button for payment service Sumup on woocommere checkout,fixed,0,1,[AI辅助] 未发现德语要求 / No German requirement found,[AI辅助] 默认英语入门 / Default English beginner,202.0,30.000000000000004,250.00000000000003,132.3390594059406,0.46517754275427536,5.313205979041787,-0.2070413122573934,1.378449545390438,-0.7927454288239156,low,https://www.freelancer.com/projects/php/Create-Apple-Pay-button-for-40494978
40494098,CoinDCX Expert Picks Fetcher,fixed,0,1,[AI辅助] 未发现德语要求 / No German requirement found,[AI辅助] 默认英语入门 / Default English beginner,48.0,13.623619812398324,113.53016510331936,67.56445029017111,0.539912878787879,3.8918202981106265,-0.11223828039430324,0.13778937343153128,-0.12501382691291726,mid,https://www.freelancer.com/projects/api/CoinDCX-Expert-Picks-Fetcher
40494050,Vermittlung für Ernährungsberatung gesucht,fixed,3,1,"[AI辅助] 岗位描述为德语，要求出色的书面和口头沟通能力，需良好德语 / Job description is in German, requires outstanding communication skills, needs strong German","[AI辅助] 未提及英语要求，默认英语入门 / No English requirement mentioned, default beginner",12.0,30.000000000000004,250.00000000000003,84.16666666666667,0.24621212121212122,2.5649493574615367,-0.4848026355762853,-1.0203733627475333,0.267785363585624,mid,https://www.freelancer.com/projects/sales/Vermittlung-Ern-hrungsberatung-gesucht
40492973,Engaging Motion Graphics for Schugle,fixed,1,1,"[AI辅助] 需要理解德语屏幕文本的目的与内容以确保设计匹配，但仅需基础理解 / German on-screen text understanding is required for design fit, but only basic comprehension is needed.","[AI辅助] 未提及更高英语要求，默认英语入门足以理解项目描述 / No higher English requirement stated, default beginner English suffices to understand the project description.",74.0,750.0,1500.0,1072.337837837838,0.4297837837837839,4.31748811353631,-0.2519388913346496,0.5093346282967924,-0.380636759815721,mid,https://www.freelancer.com/projects/motion-graphics/Engaging-Motion-Graphics-for-Schugle
40493690,Investment Platform Web Application -- 2,fixed,0,1,[AI辅助] 未发现德语要求 / No German requirement found,[AI辅助] 默认英语入门 / Default English beginner,379.0,750.0,1500.0,1182.8120052770448,0.5770826737027265,5.940171252720432,-0.06508776982360899,1.9256978079062346,-0.9953927888649218,low,https://www.freelancer.com/projects/php/Investment-Platform-Web-Application-40493690
40492924,Baustellen-Diashow mit Musik,fixed,3,1,"[AI辅助] 发帖语言为德语，客户以德语描述需求并期望沟通 / Post in German, client communicates in German.","[AI辅助] 未发现英语要求，默认入门 / No English requirement found, default beginner.",51.0,30.000000000000004,250.00000000000003,103.42647058823528,0.3337566844919785,3.9512437185814275,-0.3737508833191083,0.18965725985303591,-0.2817040715860721,mid,https://www.freelancer.com/projects/av-editing/Baustellen-Diashow-mit-Musik
40492879,Recover Payment From Indian Supplier,fixed,0,2,[AI辅助] 未发现德语要求 / No German requirement found,"[AI辅助] 岗位以英语发布，需英语沟通处理法律事务 / Job posted in English, requires English communication for legal matters",16.0,25.95964141081998,216.33034509016647,120.87458031913053,0.4985795454545455,2.833213344056216,-0.16467030953839956,-0.7862184474391838,0.3107740689503921,high,https://www.freelancer.com/projects/legal-consultation/Recover-Payment-From-Indian-Supplier
40492060,Unisex Cotton Bikini Underwear Design,fixed,0,2,[AI辅助] 未发现德语要求 / No German requirement found,"[AI辅助] 岗位以英语发布，需清晰反馈沟通 / Job posted in English, requires clear feedback communication",26.0,10000.0,20000.0,12336.46153846154,0.2336461538461541,3.295836866004329,-0.5007427767171599,-0.3824163084473401,-0.059163234134909926,mid,https://www.freelancer.com/projects/technical-drawing-tech-pack/Unisex-Cotton-Bikini-Underwear-Design
40491987,Engagierter Remote-Kundendienst auf Englisch,hourly,2,2,[rule] 命中规则: gutes deutsch / rule hits: gutes deutsch,[AI辅助] 要求“fließendes Englisch”，对应B1/B2 / “fließendes Englisch” means fluent B1/B2 English required,20.0,12.0,18.0,14.599999999999998,0.43333333333333296,3.044522437723423,-0.24743622797746323,-0.6017767578944483,0.17717026495849253,mid,https://www.freelancer.com/projects/customer-service/Engagierter-Remote-Kundendienst-auf
40491977,Arabic Unity Visual Scripting Guidance,fixed,0,1,[AI辅助] 未发现德语要求 / No German requirement found,"[AI辅助] 未提及英语要求，默认入门 / No English requirement mentioned, default beginner",15.0,8.65321380360666,25.95964141081998,18.92169418388656,0.5933333333333332,2.772588722239781,-0.04447353451644552,-0.8391348055654654,0.3973306355245099,high,https://www.freelancer.com/projects/game-development/Arabic-Unity-Visual-Scripting-Guidance
40491914,Optimierung von Facebook-/Meta-Anzeigenkampagnen,fixed,1,1,[AI辅助] 未发现德语要求 / No German requirement found,[AI辅助] 默认英语入门 / Default English beginner,27.0,30.000000000000004,250.00000000000003,124.70370370370372,0.4304713804713805,3.332204510175204,-0.25106666336134037,-0.35067271606696704,0.049803026352813334,mid,https://www.freelancer.com/projects/facebook-ads/Optimierung-von-Facebook-Meta
40491461,Odoo-Freelancer für Anpassungen und Optimierungen gesucht,fixed,1,1,"[AI辅助] 岗位接受德语或英语良好，德语非强制 / Job accepts good German or English, German not mandatory","[AI辅助] 岗位接受德语或英语良好，英语最低可为入门 / Job accepts good German or English, English minimum can be beginner",80.0,250.00000000000003,750.0,467.5,0.43499999999999994,4.394449154672439,-0.24532203325391058,0.576510272325748,-0.4109161527898293,low,https://www.freelancer.com/projects/odoo/Odoo-Freelancer-Anpassungen-und
40491290,Meta-/Instagram-Werbeanzeige für Immobilien-Investment (Sonder AfA),fixed,3,1,"[AI辅助] 岗位要求撰写高质量德语广告文案 'sehr gutes, seriöses deutschsprachiges Texten' / Job requires writing high-quality German ad copy with 'very good, reputable German-language text'.","[AI辅助] 未发现英语要求，默认入门 / No English requirement found, default beginner.",19.0,250.00000000000003,750.0,372.89473684210526,0.24578947368421047,2.995732273553991,-0.48533877108034407,-0.6443633790208804,0.07951230397026815,mid,https://www.freelancer.com/projects/facebook-ads/Meta-Instagram-Werbeanzeige-Immobilien
40491297,2-Layer Automotive PCB Design: Multi-Port USB Charger & Data Bypass Module (JLCPCB/LCSC Optimized),fixed,0,2,[AI辅助] 未发现德语要求 / No German requirement found,[AI辅助] 英语项目沟通流畅即可 / English for project communication at fluent level is sufficient,18.0,250.00000000000003,750.0,597.5,0.695,2.9444389791664403,0.08449234362024283,-0.6891348638394891,0.38681360372986595,high,https://www.freelancer.com/projects/automotive-engineering/Layer-Automotive-PCB-Design-Multi
40490096,Part-Time Admin & Web Assistant,hourly,0,1,[AI辅助] 未发现德语要求 / No German requirement found,[AI辅助] 默认英语入门 / Default English beginner,66.0,1.2154286802118306,4.861714720847322,4.795142377226629,0.9817424242424242,4.204692619390966,0.4482299358313939,0.4108807891734966,0.018674573328948674,mid,https://www.freelancer.com/projects/canva/Part-Time-Admin-Web-Assistant
40489865,Long slide game animations,fixed,0,2,[AI辅助] 未发现德语要求 / No German requirement found,"[AI辅助] 英文帖子，需协作沟通，流畅英语 / Post in English, collaboration requires fluent English",14.0,8.65321380360666,12.97982070540999,44.564051088574296,8.299999999999997,2.70805020110221,9.731562867189226,-0.8954674208483615,5.313515144018794,high,https://www.freelancer.com/projects/3d-animation/Long-slide-game-animations
40489849,Excel Number Processing,fixed,0,1,[AI辅助] 未发现德语要求 / No German requirement found,[AI辅助] 全英文帖子但未明确要求高于入门英语 / English post but no explicit requirement above beginner,71.0,8.65321380360666,25.95964141081998,21.57148700238536,0.7464436619718308,4.276666119016055,0.14974949484087344,0.4737030446804258,-0.1619767749197762,mid,https://www.freelancer.com/projects/Excel-Number-Processing-fix
40489765,Webdesign für Trauerrednerin,fixed,1,1,"[AI辅助] 未发现德语要求，仅提供德语文本但未要求语言技能 / No German requirement found, only German texts provided but no language skill required","[AI辅助] 默认英语入门，文本未提及任何英语要求 / Default English beginner, no English requirement mentioned",125.0,250.00000000000003,750.0,441.73592,0.38347184,4.836281906951478,-0.3106863716457246,0.9621651341789241,-0.6364257529123244,low,https://www.freelancer.com/projects/web-design/Webdesign-Trauerrednerin
40489409,Milanuncios.com Job Ad Poster,hourly,0,1,[AI辅助] 未发现德语要求 / No German requirement found,"[AI辅助] 发帖语言为英语，需理解基本指令，默认入门 / Posting language is English, basic instruction comprehension needed, default beginner",37.0,2.0,6.0,6.054054054054054,1.0135135135135136,3.6375861597263857,0.48853209741046105,-0.08411955253920443,0.2863258249748327,mid,https://www.freelancer.com/projects/data-entry/Milanuncios-com-Job-Poster
40489129,Corporate PowerPoint Visual Overhaul,fixed,0,1,[AI辅助] 未发现德语要求 / No German requirement found,"[AI辅助] 发帖为英文，未明确要求更高水平，默认入门 / Job posted in English, no higher requirement stated, default beginner",60.0,13.623619812398324,113.53016510331936,56.37923136386186,0.4279560606060606,4.110873864173311,-0.25425738895372363,0.3289908457592271,-0.29162411735647537,mid,https://www.freelancer.com/projects/branding/Corporate-PowerPoint-Visual-Overhaul
40556279,ABAP SAP GUI Screen Development,fixed,0,2,[AI辅助] 未发现德语要求 / No German requirement found,[AI辅助] 项目沟通与文档使用英语，要求流畅水平 / Project communication and docs in English require fluent level,3.0,29.659928697518254,247.1660724793188,138.41300058841853,0.49999999999999994,1.3862943611198906,-0.1628684390353722,-2.049165428166034,0.9431484945653309,high,https://www.freelancer.com/projects/sap/ABAP-SAP-GUI-Screen-Development
40556220,E-Commerce App & Logo Design,fixed,0,1,[AI辅助] 未发现德语要求 / No German requirement found,"[AI辅助] 未提及英语要求，默认入门 / No English requirement specified, default beginner",161.0,29.659928697518254,247.1660724793188,304.93980630345243,1.2656188594014681,5.087596335232384,0.8083319726438404,1.1815255836260319,-0.18659680549109575,mid,https://www.freelancer.com/projects/ui-design/Commerce-App-Logo-Design
40556123,AutoCAD 3D-Modell Mechanik,fixed,1,1,[AI辅助] 未发现德语要求 / No German requirement found,"[AI辅助] 未发现英语要求，默认入门 / No English requirement found, default beginner",23.0,7.909314319338201,29.659928697518254,40.79314831006496,1.5118577075098814,3.1780538303479458,1.1206900966864775,-0.48522353609266194,0.8029568163895697,high,https://www.freelancer.com/projects/3d-design/AutoCAD-Modell-Mechanik
40555757,B2B SaaS Google Ads long tail-keyword Strategy Sparring,fixed,1,2,"[AI辅助] 需进行德语关键词研究，基础德语即可 / German keyword research required, basic German needed",[AI辅助] 项目以英语沟通并涉及英语市场，需流畅英语 / Project communication and English market work require fluent English,30.0,148.29964348759125,494.3321449586376,292.94122910248865,0.41800000000000004,3.4339872044851463,-0.26688681943414355,-0.261831427795167,-0.0025276958194882793,mid,https://www.freelancer.com/projects/b2b-marketing/SaaS-Google-Ads-long-tail
40555739,Businessplan im McKinsey-Stil formatieren,fixed,1,1,"[AI辅助] 岗位以德语撰写，文档为德语业务计划，需基础理解以遵循格式说明 / Job written in German, document is a German business plan, basic understanding needed to follow formatting instructions.","[AI辅助] 未提及英语要求，默认入门 / No English requirement mentioned, default beginner.",15.0,29.659928697518254,247.1660724793188,90.95711467238931,0.28181818181818175,2.772588722239781,-0.4396357483003961,-0.8391348055654654,0.19974952863253465,mid,https://www.freelancer.com/projects/microsoft-word/Businessplan-McKinsey-Stil-formatieren
40555693,Web Application Programming Project,fixed,0,2,[AI辅助] 未发现德语要求 / No German requirement found,"[AI辅助] 工作描述为英语，需要基本英语沟通 / Job description is in English, basic English communication needed",138.0,7.909314319338201,29.659928697518254,94.38161851717526,3.975625823451911,4.9344739331306915,4.2460214271550445,1.0478722984755908,1.5990745643397268,high,https://www.freelancer.com/projects/web-application/Web-Application-Programming-Project
40555655,Vimeo-Wix Video-Sperre Setup,hourly,3,1,[AI辅助] 明确要求德语母语专业人士 / Explicitly requires German-speaking professional,"[AI辅助] 未提及英语要求，默认入门 / No English requirement mentioned, default beginner",43.0,11.863971479007303,17.795957218510953,15.381776975689698,0.5930232558139532,3.784189633918261,-0.04486687306966467,0.04384366950585719,-0.04435527128776093,mid,https://www.freelancer.com/projects/vimeo/Vimeo-Wix-Video-Sperre-Setup
40555637,AI-Generated Lifestyle Images,fixed,0,1,[AI辅助] 未发现德语要求 / No German requirement found,[AI辅助] 默认英语入门 / Default English beginner,80.0,29.659928697518254,247.1660724793188,92.16822842753797,0.28738636363636355,4.394449154672439,-0.4325724159285283,0.576510272325748,-0.5045413441271381,low,https://www.freelancer.com/projects/ai-art-creation/Generated-Lifestyle-Images
40555613,Role-Play Interview Coach Needed,hourly,0,3,[AI辅助] 未发现德语要求 / No German requirement found,"[AI辅助] 明确要求美式英语流利沟通并提供反馈，暗示C1/C2水平 / Explicitly requires fluent American English and feedback, implying C1/C2 proficiency",20.0,11.863971479007303,17.795957218510953,14.404838704094699,0.42833333333333323,3.044522437723423,-0.2537788121481197,-0.6017767578944483,0.1739989728731643,mid,https://www.freelancer.com/projects/consulting/Role-Play-Interview-Coach-Needed
40555334,AI Shopify Tool Beta Testing (Must Manage 3+ Active Shopify Stores),fixed,0,2,[AI辅助] 未发现德语要求 / No German requirement found,"[AI辅助] 项目全程使用英语，需视频反馈沟通，要求流利英语 / Project uses English throughout, video feedback requires fluent English",62.0,8.65321380360666,25.95964141081998,20.29318204910336,0.6725806451612902,4.143134726391533,0.05605301459697521,0.35714982287863944,-0.15054840414083212,mid,https://www.freelancer.com/projects/seo/Shopify-Tool-Beta-Testing-Must
40554644,Personal Portfolio Website in React (JavaScript),fixed,0,1,[AI辅助] 未发现德语要求 / No German requirement found,[AI辅助] 默认英语入门 / Default English beginner,162.0,7.909314319338201,29.659928697518254,39.90590834601402,1.4710662177328844,5.093750200806762,1.0689454052150595,1.1868970011266775,-0.058975797955808984,mid,https://www.freelancer.com/projects/web-development/Personal-Portfolio-Website-React
40553880,Dezentrale Börse mit Liquiditätspool,fixed,1,1,[AI辅助] 未发现德语要求 / No German requirement found,"[AI辅助] 未发现英语要求，默认英语入门 / No English requirement found, default beginner",40.0,29.659928697518254,247.1660724793188,261.27925521788785,1.0648863636363632,3.713572066704308,0.553699422608603,-0.017795056885129886,0.28574723974686644,mid,https://www.freelancer.com/projects/blockchain/Dezentrale-rse-mit-Liquidit-tspool
40553791,Build Investment Return Security Token,fixed,0,1,[AI辅助] 未发现德语要求 / No German requirement found,[AI辅助] 默认英语入门 / Default English beginner,22.0,29.659928697518254,247.1660724793188,273.9049475929906,1.1229338842975207,3.1354942159291497,0.6273336797468693,-0.5223718057366458,0.5748527427417576,high,https://www.freelancer.com/projects/blockchain/Build-Investment-Return-Security-Token
40553554,Full-Stack DApp Developer Needed,hourly,0,2,[AI辅助] 未发现德语要求 / No German requirement found,"[AI辅助] 帖子为英语，要求清晰沟通，推断至少流利英语 / Post in English, requires clear communication, infer at least fluent English",184.0,17.795957218510953,35.591914437021906,24.717359492500297,0.38893115942029,5.220355825078324,-0.3037611330581865,1.2974050480888646,-0.8005830905735256,low,https://www.freelancer.com/projects/solidity/Full-Stack-DApp-Developer-Needed
40553500,Luxury Yoga Sailing Video Creation,fixed,0,1,[AI辅助] 未发现德语要求 / No German requirement found,"[AI辅助] 默认英语入门，未明确要求更高水平 / Default English beginner, no higher level specified",75.0,29.659928697518254,247.1660724793188,118.08606278771936,0.40654545454545454,4.330733340286331,-0.28141710317055735,0.5208957587610802,-0.40115643096581877,low,https://www.freelancer.com/projects/motion-graphics/Luxury-Yoga-Sailing-Video-Creation
40553497,JTL-Spezialist für eBay & Amazon gesucht,fixed,3,1,[AI辅助] 岗位明确要求'Sehr gute Deutschkenntnisse' / Job explicitly requires 'very good German skills',"[AI辅助] 未发现英语要求，默认入门 / No English requirement found, default beginner",16.0,4943.321449586376,9886.642899172752,5828.484946652936,0.17906249999999993,2.833213344056216,-0.5699830604894054,-0.7862184474391838,0.1081176934748892,mid,https://www.freelancer.com/projects/ebay/JTL-Spezialist-eBay-Amazon-gesucht
40553176,B2B Logistics Cold Calling Expert,hourly,0,3,[AI辅助] 未发现德语要求 / No German requirement found,[rule] 命中规则: C1 / rule hits: C1,17.0,6.922571042885328,12.97982070540999,9.467633926299051,0.4201680672268907,2.8903717578961645,-0.26413658965930426,-0.7363275779201435,0.2360954941304196,mid,https://www.freelancer.com/projects/lead-generation/Logistics-Cold-Calling-Expert
40553171,ESP32 Camera PCB Design,fixed,0,2,[AI辅助] 未发现德语要求 / No German requirement found,"[AI辅助] 工作描述为英语，需理解技术细节，基本流畅英语 / Job description in English, requires fluent understanding of technical details",15.0,13.587276314423177,113.22730262019313,83.26705640741639,0.6993151515151517,2.772588722239781,0.08996618595904023,-0.8391348055654654,0.4645504957622528,high,https://www.freelancer.com/projects/embedded-systems/ESP-Camera-PCB-Design
40553082,MMA Content Video Editor,fixed,0,1,[AI辅助] 未发现德语要求 / No German requirement found,[AI辅助] 默认英语入门 / Default English beginner,60.0,29.659928697518254,247.1660724793188,99.67383816182662,0.32189393939393934,4.110873864173311,-0.3887989751749802,0.3289908457592271,-0.35889491046710364,mid,https://www.freelancer.com/projects/adobe-premiere-pro/MMA-Content-Video-Editor
40553065,Ecopia Media's Digital Magazine Platform Development,fixed,0,1,[AI辅助] 未发现德语要求 / No German requirement found,"[AI辅助] 未体现更高英语要求，默认入门 / No higher English requirement shown, default beginner",134.0,247.1660724793188,741.4982174379564,446.13483460608757,0.40250014925373123,4.90527477843843,-0.28654864103230904,1.0223857406978143,-0.6544671908650617,low,https://www.freelancer.com/projects/magazine-design/Ecopia-Media-Digital-Magazine-Platform
40552981,Prototyp kontaktloser Seifenspender mit Duft,fixed,1,1,[AI辅助] 未发现德语要求 / No German requirement found,"[AI辅助] 未明确英语要求，默认入门 / No explicit English requirement, default beginner",6.0,247.1660724793188,741.4982174379564,503.5596783311988,0.5186666666666666,1.9459101490553132,-0.13918945813158684,-1.5607033386675362,0.7107569402679746,high,https://www.freelancer.com/projects/3d-printing/Prototyp-kontaktloser-Seifenspender-mit
40552856,Baselinker Setup With Otto & Shopify Base.com,fixed,0,1,[AI辅助] 未发现德语要求 / No German requirement found,[AI辅助] 默认英语入门 / Default English beginner,143.0,25.95964141081998,216.33034509016647,129.94343581723734,0.5462174189446917,4.969813299576001,-0.10424086507392917,1.0787183559807105,-0.5914796105273199,low,https://www.freelancer.com/projects/api-integration/Baselinker-Setup-With-Otto-Shopify
40552852,Smart Parking Disc Modification -- 2,fixed,0,1,[AI辅助] 未发现德语要求 / No German requirement found,[AI辅助] 默认英语入门 / Default English beginner,23.0,29.659928697518254,247.1660724793188,135.40402231475727,0.48616600790513836,3.1780538303479458,-0.1804170908909443,-0.48522353609266194,0.1524032226008588,mid,https://www.freelancer.com/projects/electronics/Smart-Parking-Disc-Modification-40552852
40552330,Development of a Modern Fixed-Price Painting Services Platform Everything in the webshop should be written in German.,fixed,0,2,"[AI辅助] 未发现德语要求，仅要求网站内容为德语 / No German requirement for freelancer, only website content must be German",[AI辅助] 发帖语言为英语且项目沟通需英语 / Post language is English and communication requires English,279.0,25.95964141081998,216.33034509016647,169.02607861534685,0.7515149885956338,5.634789603169249,0.15618255803454617,1.6591446443784716,-0.7514810431719627,low,https://www.freelancer.com/projects/web-development/Development-Modern-Fixed-Price-Painting
40552053,DJI Osmo Pocket Color Grading Expert Needed,fixed,0,1,[AI辅助] 未发现德语要求 / No German requirement found,"[AI辅助] 默认英语入门，未明确更高要求 / Default English beginner, no explicit higher requirement",51.0,29.659928697518254,247.1660724793188,94.36897575131952,0.2975044563279857,3.9512437185814275,-0.41973744501990407,0.18965725985303591,-0.30469735243647,mid,https://www.freelancer.com/projects/color-grading/DJI-Osmo-Pocket-Color-Grading
40546051,Freelance Field Representative - Studio Partnerships (Bangalore),fixed,0,1,[AI辅助] 未发现德语要求 / No German requirement found,"[AI辅助] 默认英语入门，未体现更高英语要求 / Default English beginner, no higher requirement indicated",9.0,13.587276314423177,113.22730262019313,49.66904341605805,0.3621212121212121,2.302585092994046,-0.3377700025292414,-1.2493786903211646,0.4558043438959616,high,https://www.freelancer.com/projects/sales/Freelance-Field-Representative-Studio
40551020,Social Media Content Strategist & Creator,fixed,0,2,[AI辅助] 未发现德语要求 / No German requirement found,"[AI辅助] 岗位要求撰写吸引力文案，需流利英语 / Job requires writing compelling captions, so fluent English needed",42.0,247.1660724793188,741.4982174379564,414.7446696202969,0.3389999999999999,3.7612001156935624,-0.3670996493305211,0.02377720899724849,-0.1954384291638848,mid,https://www.freelancer.com/projects/content-creation/Social-Media-Content-Strategist-Creator
40550859,Melancholische Klassik-Songkomposition,fixed,2,1,"[AI辅助] 岗位用德语发布，需理解已有德语歌词与文本 / Job is in German, requires understanding German lyrics and texts.","[AI辅助] 未发现英语要求，默认入门 / No English requirement found, default beginner.",6.0,247.1660724793188,741.4982174379564,355.9191443702191,0.22000000000000003,1.9459101490553132,-0.5180531525921527,-1.5607033386675362,0.5213250930376918,high,https://www.freelancer.com/projects/german-translator/Melancholische-Klassik-Songkomposition
40550659,German Audio Adaptation of Children’s Stories,fixed,3,2,[AI辅助] 翻译并改编儿童故事需精通德语 / Translating and adapting children's stories requires proficient German,"[AI辅助] 需理解英语儿童脚本，要求流畅英语 / Need to understand English children's scripts, fluent English required",11.0,29.659928697518254,247.1660724793188,76.84617889811548,0.21694214876033058,2.4849066497880004,-0.5219320883659428,-1.0902388473929465,0.28415337951350184,mid,https://www.freelancer.com/projects/translation/German-Audio-Adaptation-Children-Stories
40550417,Hilfe für Stripe-Zahlungsoptionen und Rechnungen,fixed,2,1,[AI辅助] 文本明确要求'flüssiges Deutsch' / The text explicitly requires 'fluent German',"[AI辅助] 未发现英语要求，设定为默认入门 / No English requirement found, default beginner",55.0,29.659928697518254,247.1660724793188,128.418503403073,0.4540495867768595,4.02535169073515,-0.22115731174421804,0.254342595233318,-0.237749953488768,mid,https://www.freelancer.com/projects/stripe/Hilfe-Stripe-Zahlungsoptionen-und
40550207,Master Thesis Examiner Needed,fixed,0,3,[AI辅助] 未发现德语要求 / No German requirement found,[AI辅助] 需要高水平学术英语进行论文评审 / High-level academic English is required for thesis examination,51.0,25.95964141081998,216.33034509016647,127.6773213179218,0.5343137254901962,3.9512437185814275,-0.11934090060929597,0.18965725985303591,-0.15449908023116593,mid,https://www.freelancer.com/projects/digital-marketing/Master-Thesis-Examiner-Needed
40549835,LearnDash WooCommerce Kursverkauf Integration,fixed,3,1,[AI辅助] 明确要求德语母语者，需熟悉德国法律 / Explicitly requires a German-speaking freelancer familiar with German law,"[AI辅助] 未提及英语要求，默认入门水平 / No English requirement mentioned, default beginner level",119.0,1482.9964348759129,2965.9928697518258,1780.1982255007154,0.20040627450980372,4.787491742782046,-0.5429081232198154,0.919578513052492,-0.7312433181361537,low,https://www.freelancer.com/projects/learndash/LearnDash-WooCommerce-Kursverkauf
40549809,Digital Ergonomics | Human Simulation | Xsens Motion Capture | ema Work Designer,hourly,0,2,[AI辅助] 未发现德语要求 / No German requirement found,"[AI辅助] 英文发布岗位，需撰写技术文档和报告，流畅英语 / Job posted in English, requires writing technical docs and reports, fluent English",9.0,11.863971479007303,17.795957218510953,24.057497721320356,2.0555555555555545,2.302585092994046,1.8103799696134075,-1.2493786903211646,1.5298793299672862,high,https://www.freelancer.com/projects/simulation/Digital-Ergonomics-Human-Simulation
40549724,Video & HTML5 Ads,fixed,0,1,[AI辅助] 未发现德语要求 / No German requirement found,"[AI辅助] 未明确要求英语水平，默认入门 / No explicit English requirement, default beginner",56.0,741.4982174379564,1482.9964348759129,897.6388514805647,0.21057452380952352,4.04305126783455,-0.5300095278094764,0.269791716933599,-0.3999006223715377,mid,https://www.freelancer.com/projects/video-ads/Video-HTML-Ads
40549344,Remote Software Sales Executive Needed,fixed,0,2,[AI辅助] 未发现德语要求 / No German requirement found,[AI辅助] 需要演示与谈判，要求流畅英语 / Demos and negotiations require fluent English,16.0,216.33034509016647,648.9910352704994,433.2015160430584,0.5012500000000001,2.833213344056216,-0.16128279299270784,-0.7862184474391838,0.31246782722323796,high,https://www.freelancer.com/projects/saas/Remote-Software-Sales-Executive-Needed
40548129,30-Second Portfolio Showcase Video,fixed,0,1,[AI辅助] 未发现德语要求 / No German requirement found,[AI辅助] 默认英语入门 / Default English beginner,121.0,25.95964141081998,216.33034509016647,86.47492670513365,0.31788129226145756,4.804021044733257,-0.3938890856119623,0.9340061570595117,-0.663947621335737,low,https://www.freelancer.com/projects/adobe-premiere-pro/Second-Portfolio-Showcase-Video
40547976,Fan Video Social Media Manager,fixed,0,2,[AI辅助] 未发现德语要求 / No German requirement found,"[AI辅助] 岗位发布语言为英语，需创作英文文案，推断需要流畅英语 / Job post in English and requires English copywriting, so fluent English is inferred",49.0,8.65321380360666,25.95964141081998,20.944309328729588,0.7102040816326529,3.912023005428146,0.10377897711877052,0.15542335882398936,-0.025822190852609422,mid,https://www.freelancer.com/projects/video-editing/Fan-Video-Social-Media-Manager
40547404,German B2B Cold Calling Specialist,fixed,3,1,[AI辅助] 要求母语水平德语用于电话预约 / Native-level German required for cold calling and appointment setting,"[AI辅助] 未提及英语要求，默认入门水平 / No English requirement mentioned, default beginner level",9.0,247.1660724793188,741.4982174379564,313.0770251404705,0.1333333333333333,2.302585092994046,-0.6279912782168705,-1.2493786903211646,0.310693706052147,high,https://www.freelancer.com/projects/german-translator/German-Cold-Calling-Specialist
40547381,Edit University Startup Pitch Video,fixed,0,2,[AI辅助] 未发现德语要求 / No German requirement found.,[AI辅助] 岗位发布和视频内容均为英语，需要理解以编辑和字幕 / Job and video are in English; must understand to edit and subtitle.,28.0,7.909314319338201,29.659928697518254,27.823837873386175,0.9155844155844157,3.367295829986474,0.364307388136102,-0.3200431667086292,0.3421752774223656,high,https://www.freelancer.com/projects/subtitles-and-captions/Edit-University-Startup-Pitch-Video
40547281,Interior Designer / FF&E + Finish CDs — 4-Unit Gut Reno (Architect Already Engaged),fixed,0,1,[AI辅助] 未发现德语要求 / No German requirement found,"[AI辅助] 默认英语入门，未明确要求更高水平 / Default English beginner, no explicit higher requirement stated",58.0,648.9910352704994,1297.9820705409988,895.8015800171631,0.38029885057471263,4.07753744390572,-0.3147113621462225,0.29989306501150637,-0.30730221357886445,mid,https://www.freelancer.com/projects/lighting-design/Interior-Designer-Finish-CDs-Unit
40545906,Google Product Review Writing,fixed,0,3,[AI辅助] 未发现德语要求 / No German requirement found,[AI辅助] 需求明确要求 native-level fluency，所以英语必须精通 / Requires native-level English fluency mandatory,90.0,7.909314319338201,29.659928697518254,16.933622254527553,0.41489898989899,4.51085950651685,-0.2708205029500862,0.6781193493515338,-0.47446992615081,low,https://www.freelancer.com/projects/seo-writing/Google-Product-Review-Writing
40545583,AI Specialist in Claude Code & Higgsfield Needed,fixed,0,3,[AI辅助] 未发现德语要求 / No German requirement found,"[AI辅助] 要求优秀的英语沟通能力，需要精通 / Excellent English communication required, indicating proficiency",33.0,8.65321380360666,25.95964141081998,26.189344904515718,1.013272727272727,3.5263605246161616,0.48822665601059617,-0.1812031361388991,0.33471489607474764,high,https://www.freelancer.com/projects/claude-code/Specialist-Claude-Code-Higgsfield-Needed
40545571,Exakte Wiederzeichnung eines Designs für Kleidung,fixed,1,1,[AI辅助] 未发现德语要求 / No German requirement found,[AI辅助] 默认英语入门 / Default English beginner,25.0,29.659928697518254,247.1660724793188,100.76466442836869,0.32690909090909087,3.258096538021482,-0.3824371710522911,-0.41535805144724874,0.01646044019747883,mid,https://www.freelancer.com/projects/vector-design/Exakte-Wiederzeichnung-eines-Designs
40545475,App-freier Trennungsalarm entwickeln,fixed,1,1,[AI辅助] 未发现德语要求 / No German requirement found,"[AI辅助] 未提及英语要求，默认入门 / No English requirement mentioned, default beginner",1.0,7.909314319338201,29.659928697518254,7.909314319338201,0.0,0.6931471805599453,-0.7971268561010517,-2.654180739466319,0.9285269416826336,high,https://www.freelancer.com/projects/electronics/App-freier-Trennungsalarm-entwickeln
40543517,Outdoor Ultrasonic Vehicle Detection,hourly,0,1,[AI辅助] 未发现德语要求 / No German requirement found,"[AI辅助] 默认英语入门，未提及更高要求 / Default English beginner, no higher requirement mentioned",36.0,21.63303450901665,43.2660690180333,29.4930370472927,0.36333333333333334,3.6109179126442243,-0.3362324063666579,-0.10739700105628941,-0.11441770265518425,mid,https://www.freelancer.com/projects/object-detection/Outdoor-Ultrasonic-Vehicle-Detection
40542509,Lexware to Sage Accounting Migration -- 2,fixed,0,1,[AI辅助] 未发现德语要求 / No German requirement found,[AI辅助] 默认英语入门 / Default English beginner,40.0,29.659928697518254,247.1660724793188,129.29257251393165,0.45806818181818165,3.713572066704308,-0.21605965628474413,-0.017795056885129886,-0.09913229969980712,mid,https://www.freelancer.com/projects/xml/Lexware-Sage-Accounting-Migration-40542509
40542455,Traditionelles T-Shirt-Design Elektro Kaya,fixed,3,1,"[AI辅助] 项目描述全部为德语，需理解详细设计说明 / Job description entirely in German, requires understanding detailed design brief","[AI辅助] 未提及英语要求，默认入门 / No English requirement stated, default beginner",69.0,29.659928697518254,247.1660724793188,77.37358375232444,0.21936693017127792,4.248495242049359,-0.5188562123270672,0.44911402177790305,-0.48398511705248515,low,https://www.freelancer.com/projects/print-design/Traditionelles-Shirt-Design-Elektro-Kaya
40542359,Deep Voice British Male Poem Voiceover (NO AI!!!),fixed,0,3,[AI辅助] 未提及德语要求 / No German requirement mentioned,"[AI辅助] 要求英式男性配音，需英语精通 / British male voiceover required, implying proficient English",14.0,7.909314319338201,29.659928697518254,24.857845003634345,0.7792207792207793,2.70805020110221,0.19132781984546196,-0.8954674208483615,0.5433976203469117,high,https://www.freelancer.com/projects/voice-over/Deep-Voice-British-Male-Poem
40541192,"Software-Trainer / Einweiser (m/w/d) für Waagensoftware (Minijob, 603 € fest, 100% Remote)",fixed,3,2,"[AI辅助] 要求完美德语，流利且无误 / Perfect German required, fluent and error-free","[AI辅助] 要求与英语开发者沟通，需流畅英语 / Requires communication with English developers, fluent English needed",5.0,247.1660724793188,741.4982174379564,568.0865009864664,0.6492,1.791759469228055,0.026394272617026638,-1.6952541586932313,0.8608242156551289,high,https://www.freelancer.com/projects/customer-support/Software-Trainer-Einweiser
40582547,Book & Promote Speaking Engagements,fixed,0,2,[AI辅助] 未发现德语要求 / No German requirement found,[AI辅助] 需撰写英文宣传材料并沟通媒体与校方，要求英语流畅 / English needed for writing press releases and communicating with media and school PRs,15.0,247.07088712747912,741.2126613824374,405.19625488906576,0.31999999999999995,2.772588722239781,-0.3912014691790169,-0.8391348055654654,0.22396666819322425,mid,https://www.freelancer.com/projects/public-relations/Book-Promote-Speaking-Engagements
40581264,Customer Lead Generation/Meeting Setter for Expats in Germany,fixed,0,2,[AI辅助] 未发现德语要求 / No German requirement found,[AI辅助] 需要英语进行客户沟通 / English required for client communication,12.0,29.648506455297497,247.07088712747912,101.29906372226644,0.3295454545454546,2.5649493574615367,-0.37909289939867197,-1.0203733627475333,0.3206402316744307,high,https://www.freelancer.com/projects/lead-generation/Customer-Lead-Generation-Meeting-Setter
40582513,Online Coaching: Addison Accounting Software,fixed,2,1,"[AI辅助] 发帖与辅导全程使用德语，需理解会计流程 / Post and coaching use German, needs to follow accounting steps","[AI辅助] 未提及英语要求，默认入门 / No English requirement mentioned, default beginner",8.0,29.648506455297497,247.07088712747912,154.8306774817417,0.5757556818181818,2.1972245773362196,-0.06677108136790959,-1.3413428892204278,0.6372859039262591,high,https://www.freelancer.com/projects/accounting/Online-Coaching-Addison-Accounting
40577455,Deutsche Einzelsatz-Aufnahmen per Smartphone oder Komputer,hourly,3,1,[rule] 命中规则: muttersprachler / rule hits: muttersprachler,"[AI辅助] 未提及英语要求，默认入门 / No English requirement mentioned, default beginner",3.0,17.789103873178497,35.578207746356995,24.377660863244607,0.37037037037037035,1.3862943611198906,-0.3273058064227706,-2.049165428166034,0.8609298108716318,high,https://www.freelancer.com/projects/voice-over/Deutsche-Einzelsatz-Aufnahmen-per
40581820,Wedding Dance Song Mashup,fixed,0,1,[AI辅助] 未发现德语要求 / No German requirement found,[AI辅助] 默认英语入门 / Default English beginner,32.0,7.906268388079332,29.648506455297497,26.490631679199403,0.8547585227272727,3.4965075614664802,0.2871487190957457,-0.207260372321624,0.24720454570868483,mid,https://www.freelancer.com/projects/audio-editing/Wedding-Dance-Song-Mashup
40581781,Recreate Brochure in InDesign,fixed,0,1,[AI辅助] 未发现德语要求 / No German requirement found,[AI辅助] 默认英语入门 / Default English beginner,112.0,7.906268388079332,29.648506455297497,31.492714148499033,1.0848214285714284,4.727387818712341,0.578987388068235,0.8671166473026732,-0.1440646296172191,mid,https://www.freelancer.com/projects/print-design/Recreate-Brochure-InDesign
40581696,Otomoto photos and video colected - by Polish Speaker person,fixed,0,1,[AI辅助] 未发现德语要求 / No German requirement found,"[AI辅助] 岗位未明确英语水平，默认入门 / Job does not specify English proficiency, default beginner",8.0,7.906268388079332,29.648506455297497,19.271529195943373,0.5227272727272727,2.1972245773362196,-0.1340385109869322,-1.3413428892204278,0.6036521891167478,high,https://www.freelancer.com/projects/photography/Otomoto-photos-video-colected-Polish
40581613,Sender Newsletter Campaign Guidance,fixed,0,1,[AI辅助] 未发现德语要求 / No German requirement found,"[AI辅助] 默认英语入门；仅要求通过屏幕共享清晰讲解，未指定水平 / Default English beginner; only clear explanation via screen sharing required, no level specified",23.0,29.648506455297497,247.07088712747912,133.46124789877393,0.4774703557312253,3.1780538303479458,-0.19144767205730392,-0.48522353609266194,0.14688793201767902,mid,https://www.freelancer.com/projects/email-marketing/Sender-Newsletter-Campaign-Guidance
40581552,Shopify Backend Manager for App Testing,fixed,0,1,[AI辅助] 未发现德语要求 / No German requirement found,"[AI辅助] 发帖语言为英语但未明确要求更高水平，默认入门 / Post language is English but no explicit higher level, default beginner",133.0,25.95964141081998,216.33034509016647,104.0662817960064,0.41028708133971287,4.897839799950911,-0.2766707865950037,1.0158961004737812,-0.6462834435343925,low,https://www.freelancer.com/projects/shopify-development/Shopify-Backend-Manager-for-App
40581326,Portfolio/Business Website Creation,fixed,0,2,[AI辅助] 未发现德语要求 / No German requirement found,"[AI辅助] 工作描述为英语，需流畅沟通 / Job description in English, fluent communication expected",485.0,29.648506455297497,247.07088712747912,151.28766822472087,0.559460168697282,6.186208623900494,-0.08744221408257946,2.14045216439912,-1.1139471892408497,low,https://www.freelancer.com/projects/web-development/Portfolio-Business-Website-Creation
40581252,Next.js Saas Auth /Payment / Ai credits etc.,fixed,0,2,[AI辅助] 未发现德语要求 / No German requirement found,[AI辅助] 全英文技术岗位需流畅英语沟通 / Full English technical posting requires fluent English communication,225.0,29.648506455297497,247.07088712747912,157.04730414315875,0.5859507070707071,5.420534999272286,-0.053838520210686996,1.472131958602958,-0.7629852394068225,low,https://www.freelancer.com/projects/nextjs/Next-Saas-Auth-Payment-credits
40580198,Hiring for my office work assistant virtual,hourly,0,3,[AI辅助] 未发现德语要求 / No German requirement found,"[AI辅助] 明确要求流利英语口语与书面，代表外部沟通 / Strong English spoken and written essential, representing externally",50.0,5.929701291059499,11.859402582118998,9.274052819217056,0.564,3.9318256327243257,-0.08168336165096524,0.17270813333390397,-0.12719574749243462,mid,https://www.freelancer.com/projects/research/Hiring-for-office-work-assistant
40580194,Mystery Thriller Audiobook Narrator,hourly,0,2,[AI辅助] 未发现德语要求 / No German requirement found,"[AI辅助] 要求清晰中性英语发音，推断流畅英语 / Requires clear neutral English diction, infer fluent English",15.0,5.929701291059499,11.859402582118998,10.77229067875809,0.8166666666666667,2.772588722239781,0.23882855843955825,-0.8391348055654654,0.5389816820025118,high,https://www.freelancer.com/projects/audiobook/Mystery-Thriller-Audiobook-Narrator
40579392,Thesis Rewriting on Narrative Economics,fixed,0,1,[AI辅助] 未发现德语要求 / No German requirement found,"[AI辅助] 文本未体现更高英语要求，默认入门 / No higher English requirement evident, default beginner",83.0,247.07088712747912,741.2126613824374,346.70892006640656,0.20163855421686736,4.430816798843313,-0.5413449556670467,0.6082538647061206,-0.5747994101865836,low,https://www.freelancer.com/projects/academic-writing/Thesis-Rewriting-Narrative-Economics
40579126,InDesign Professional for Book Formatting,fixed,0,1,[AI辅助] 未发现德语要求 / No German requirement found,"[AI辅助] 未明确要求英语水平，默认入门 / No explicit English level stated, default beginner",85.0,29.648506455297497,247.07088712747912,111.48233740611262,0.3763818181818182,4.454347296253507,-0.31968018367644685,0.6287925202975327,-0.47423635198698977,low,https://www.freelancer.com/projects/adobe-creative-cloud/InDesign-Professional-for-Book
40579057,Livingroom Floor Plan improvement/fix,fixed,0,1,[AI辅助] 未发现德语要求 / No German requirement found,"[AI辅助] 默认英语入门，仅需基础沟通 / Default English beginner, basic communication assumed",31.0,8.65321380360666,25.95964141081998,21.074762650719446,0.7177419354838709,3.4657359027997265,0.1133408716222624,-0.23411949426518072,0.17373018294372156,mid,https://www.freelancer.com/projects/building-designer/Livingroom-Floor-Plan-improvement-fix
40579006,600+ Bavaria Businesses with Outdated Websites - Qualified Leads for Web Agencies and Designers,fixed,0,1,[AI辅助] 未发现德语要求 / No German requirement found,"[AI辅助] 未提及英语要求，默认入门 / No English requirement mentioned, default beginner",111.0,43.2660690180333,432.66069018033295,238.8832707963233,0.5023623623623624,4.718498871295094,-0.15987174261039708,0.8593579065336019,-0.5096148245719995,low,https://www.freelancer.com/projects/website-design/Bavaria-Businesses-with-Outdated
40577865,Excel-to-Python Add-in Platform,fixed,0,1,[AI辅助] 未发现德语要求 / No German requirement found,"[AI辅助] 未明确英语要求，默认入门 / No explicit English requirement, default beginner",247.0,247.07088712747912,741.2126613824374,443.20512001552106,0.3969189473684209,5.5134287461649825,-0.29362848957851084,1.553214506105687,-0.9234214978420989,low,https://www.freelancer.com/projects/fastapi/Excel-Python-Add-Platform
40577742,Modern business cards with professional designs,hourly,0,1,[AI辅助] 未发现德语要求 / No German requirement found,[AI辅助] 默认英语入门 / Default English beginner,52.0,11.859402582118998,17.789103873178497,13.62690969772327,0.2980769230769229,3.970291913552122,-0.4190112613118968,0.20628352615421802,-0.3126473937330574,mid,https://www.freelancer.com/projects/graphic-design/Modern-business-cards-with-professional-40577742
40577488,Mermaid Coloring & Activity Book Creation,fixed,0,1,[AI辅助] 未发现德语要求；活动文本虽为德语但将由客户提供 / No German requirement found; activity texts in German will be provided by client,"[AI辅助] 默认英语入门，因发帖语言为英语 / Default English beginner, as the post is in English",135.0,29.648506455297497,247.07088712747912,115.36043525665433,0.39421851851851863,4.912654885736052,-0.29705402903398587,1.0288274864616702,-0.662940757747828,low,https://www.freelancer.com/projects/adobe-illustrator/Mermaid-Coloring-Activity-Book-Creation
40577558,YouTube Workshop-Video erstellen,fixed,3,1,"[AI辅助] 明确要求德语配音和德语沟通 / German voice-over required, post in German","[AI辅助] 未提及英语要求，默认入门 / No English requirement found, default beginner",13.0,29.648506455297497,247.07088712747912,110.00356113029609,0.3695804195804196,2.6390573296152584,-0.3283078722979585,-0.9556880273672517,0.3136900775346466,high,https://www.freelancer.com/projects/video-editing/YouTube-Workshop-Video-erstellen
40577522,Commission-Based B2B Sales and Lead Generation,fixed,0,1,[AI辅助] 未发现德语要求 / No German requirement found,[AI辅助] 默认英语入门 / Default English beginner,9.0,7.906268388079332,8.894551936589249,8.674933370253711,0.7777777777777776,2.302585092994046,0.18949734822333847,-1.2493786903211646,0.7194380192722515,high,https://www.freelancer.com/projects/b2b-marketing/Commission-Based-Sales-Lead-Generation
40577513,Premium 3D Finance App Trailer,fixed,0,1,[AI辅助] 未发现德语要求 / No German requirement found,[AI辅助] 默认英语入门 / Default English beginner,69.0,25.95964141081998,216.33034509016647,103.37455272917349,0.40665349143610025,4.248495242049359,-0.2812800565560661,0.44911402177790305,-0.36519703916698454,mid,https://www.freelancer.com/projects/rendering/Premium-Finance-App-Trailer
40575940,Customize Mechanical 3D-Printable Puzzle Box,fixed,0,2,[AI辅助] 未发现德语要求 / No German requirement found,"[AI辅助] 项目使用英语沟通，需流畅阅读与书写 / Job uses English for communication, fluent reading and writing needed",39.0,29.648506455297497,247.07088712747912,165.04335260115604,0.6227272727272727,3.6888794541139363,-0.0071868275737963045,-0.03934806772059567,0.016080620073399682,mid,https://www.freelancer.com/projects/3d-design/Customize-Mechanical-Printable-Puzzle
40575835,WordPress Blog Relaunch Design Stadt-Entwicklungsspirale,hourly,2,1,"[AI辅助] 整个项目描述为德语，且博客为德语内容，需流畅德语沟通 / Entire posting is in German and the blog is German, requiring fluent German communication","[AI辅助] 未提及英语要求，默认入门 / No English requirement mentioned, default beginner",109.0,11.859402582118998,17.789103873178497,16.76446237026927,0.8272018348623854,4.700480365792417,0.2521925966462328,0.8436304073507273,-0.2957189053522472,mid,https://www.freelancer.com/projects/html/WordPress-Blog-Relaunch-Design-Stadt
40575749,Build WordPress Website with Kadence & Gutenberg,fixed,0,1,[AI辅助] 未发现德语要求 / No German requirement found,"[AI辅助] 发帖语言为英语但未明确要求水平，默认入门 / Job post is in English but no explicit proficiency stated, default beginner",236.0,648.9910352704994,1297.9820705409988,923.8717015855619,0.42355079096045184,5.4680601411351315,-0.2598455476580663,1.5136144017335953,-0.8867299746958308,low,https://www.freelancer.com/projects/wordpress/Build-WordPress-Website-with-Kadence
40575382,100k German Corporate Leads,fixed,0,1,[AI辅助] 未发现德语要求 / No German requirement found,[AI辅助] 默认英语入门 / Default English beginner,58.0,29.648506455297497,247.07088712747912,676.2585771251993,2.97398119122257,4.07753744390572,2.975418349354811,0.29989306501150637,1.3377626421716524,high,https://www.freelancer.com/projects/b2b-marketing/German-Corporate-Leads
40569837,Bulk YouTube To MP3 Conversion,fixed,0,1,[AI辅助] 未发现德语要求 / No German requirement found,[AI辅助] 默认英语入门 / Default English beginner,70.0,8.65321380360666,25.95964141081998,20.93459653772554,0.709642857142857,4.2626798770413155,0.10306705440573764,0.46149511715855,-0.17921403137640618,mid,https://www.freelancer.com/projects/audio-editing/Bulk-YouTube-Conversion
40575201,Hiring Animator for Viral YouTube Shorts,fixed,0,1,[AI辅助] 未发现德语要求 / No German requirement found,[AI辅助] 默认英语入门 / Default English beginner,33.0,8.65321380360666,25.95964141081998,17.830864807431908,0.5303030303030304,3.5263605246161616,-0.1244285349707854,-0.1812031361388991,0.02838730058405685,mid,https://www.freelancer.com/projects/video-services/Hiring-Animator-for-Viral-YouTube
40574106,Video Editor für OfficeTrainings Academy gesucht (m/w/d) - Produktion nur deutsch,fixed,3,1,[AI辅助] 岗位明确要求C2德语 / Job explicitly requires C2 German,[AI辅助] 未发现英语要求 / No English requirement found,13.0,49.41417742549583,79.06268388079332,64.84660514453529,0.5205128205128204,2.6390573296152584,-0.13684758089934437,-0.9556880273672517,0.40942022323395366,high,https://www.freelancer.com/projects/adobe-premiere-pro/Video-Editor-OfficeTrainings-Academy
40573904,WordPress Betheme Nonprofit Site Build,fixed,0,1,[AI辅助] 未发现德语要求 / No German requirement found,"[AI辅助] 全英文职位描述，默认基础英语沟通 / English job post, default beginner English required",379.0,25.95964141081998,216.33034509016647,155.4522461779508,0.6802128807867595,5.940171252720432,0.06573463396994,1.9256978079062346,-0.9299815869681473,low,https://www.freelancer.com/projects/wordpress-design/WordPress-Betheme-Nonprofit-Site-Build
40573536,WordPress-Outlook Digital Group Booking System,fixed,0,1,"[AI辅助] 仅提及 native speaker 为加分项，未要求德语 / Only mentions native speaker as a plus, no German required.","[AI辅助] 未明确要求英语水平，默认入门 / No explicit English level stated, default beginner.",204.0,148.24253227648748,494.14177425495825,309.1023449700395,0.4650481792717087,5.3230099791384085,-0.20720541201275103,1.3870069922600246,-0.7971062021363878,low,https://www.freelancer.com/projects/wordpress/WordPress-Outlook-Digital-Group-Booking
40573369,Debian Touchscreen Terminal App,hourly,1,1,[AI辅助] 未发现德语要求 / No German requirement found,"[AI辅助] 未发现更高英语要求，默认入门 / No higher English requirement found, default beginner",41.0,17.789103873178497,35.578207746356995,30.08238703757014,0.6910569105691056,3.7376696182833684,0.07949046829866786,0.0032385534058363974,0.03812595744641573,mid,https://www.freelancer.com/projects/desktop-application/Debian-Touchscreen-Terminal-App
40572908,Kundendienst-Webseite erstellen,fixed,2,1,"[AI辅助] 岗位描述全为德语，应聘者需理解德文需求并可能用德语沟通 / Job description entirely in German, requiring understanding of tasks and likely communication","[AI辅助] 未提及英语要求，默认英语入门 / No English requirement mentioned, default beginner level",248.0,247.07088712747912,741.2126613824374,404.7600552228566,0.31911725806451624,5.517452896464707,-0.39232124218437164,1.5567269961144328,-0.9745241191494022,low,https://www.freelancer.com/projects/web-design/Kundendienst-Webseite-erstellen
40567893,Land Development Design and Promotional Video,fixed,0,1,[AI辅助] 未发现德语要求 / No German requirement found,"[AI辅助] 发帖为英语，默认需入门英语 / Post in English, default beginner English",78.0,25.95964141081998,216.33034509016647,167.09566638177625,0.7413747086247088,4.3694478524670215,0.14331944218862272,0.5546878209605072,-0.20568418938594224,mid,https://www.freelancer.com/projects/3d-visualization/Land-Development-Design-Promo-Video
40572785,Boost AI Visibility with SEO/GEO,fixed,0,1,[AI辅助] 未发现德语要求 / No German requirement found,[AI辅助] 默认英语入门 / Default English beginner,147.0,29.648506455297497,247.07088712747912,107.99855049838978,0.36035868893011747,4.997212273764115,-0.3400057928676919,1.1026336215442796,-0.7213197072059857,low,https://www.freelancer.com/projects/keyword-research/Boost-Visibility-with-SEO-GEO
40572766,Multilingual IR Dissertation Specialist -- 2,fixed,0,1,[AI辅助] 未发现德语要求 / No German requirement found,[AI辅助] 默认英语入门 / Default English beginner,19.0,247.07088712747912,741.2126613824374,387.51118086309884,0.28421052631578947,2.995732273553991,-0.43660101903213916,-0.6443633790208804,0.1038811799943706,mid,https://www.freelancer.com/projects/academic-writing/Multilingual-Dissertation-Specialist
40571793,"$100 PER LEAD, Consumer Leads Campaign",fixed,0,1,[AI辅助] 未发现德语要求 / No German requirement found,[AI辅助] 默认英语入门 / Default English beginner,28.0,3352.9602644422134,6705.920528884427,4465.544329332664,0.33182142857142877,3.367295829986474,-0.376205788032678,-0.3200431667086292,-0.028081310662024406,mid,https://www.freelancer.com/projects/lead-generation/PER-LEAD-Consumer-Leads-Campaign
40571065,Senior React Frontend Engineer Needed,hourly,0,2,[AI辅助] 未发现德语要求 / No German requirement found,"[AI辅助] 职位描述和交付物均为英文，需能沟通协作 / Job post and deliverables are in English, requiring working proficiency",309.0,12.97982070540999,21.63303450901665,16.890457258220525,0.4519288025889967,5.736572297479192,-0.22384756218808163,1.747985932650272,-0.9859167474191768,low,https://www.freelancer.com/projects/graphql/Senior-React-Frontend-Engineer-Needed
40570783,LinkedIn Banner for English coach in Germany,fixed,3,1,[AI辅助] 明确要求德语母语者 / German native speaker explicitly required,"[AI辅助] 未发现英语要求，默认入门 / No English requirement found, default beginner",180.0,29.648506455297497,247.07088712747912,92.45941642726108,0.2888888888888889,5.198497031265826,-0.4306664373519924,1.278325543311201,-0.8544959903315967,low,https://www.freelancer.com/projects/canva/LinkedIn-Banner-for-English-coach
40570836,iOS Release & Zertifikate Hilfe,fixed,2,1,"[AI辅助] 帖子语言为德语且未提英语要求, 需流畅沟通 / Post is in German, requiring fluent communication",[AI辅助] 默认英语入门 / Default English beginner,20.0,8.65321380360666,25.95964141081998,40.88643522204146,1.8624999999999994,3.044522437723423,1.565485747468604,-0.6017767578944483,1.0836312526815262,high,https://www.freelancer.com/projects/ios-development/iOS-Release-Zertifikate-Hilfe
40570625,Bestehendes Logo vektorisieren,fixed,2,1,"[AI辅助] 帖子完全以德语撰写且要求精确沟通细节，推断需流畅德语 / The post is entirely in German and requires precise communication, so fluent German is inferred.","[AI辅助] 未发现英语要求，默认英语入门 / No English requirement found, default English beginner.",51.0,7.906268388079332,29.648506455297497,25.385322520548836,0.8039215686274509,3.9512437185814275,0.2226611870241585,0.18965725985303591,0.01650196358556129,mid,https://www.freelancer.com/projects/vectorization/Bestehendes-Logo-vektorisieren
40568960,Deutschsprachige UGC-Creator für Ads,fixed,3,1,[AI辅助] 要求德语母语者 / Native German speaker required,"[AI辅助] 未发现英语要求，默认入门 / No English requirement found, default beginner",5.0,247.07088712747912,741.2126613824374,266.8365580976774,0.03999999999999994,1.791759469228055,-0.7463861827357975,-1.6952541586932313,0.4744339879787169,high,https://www.freelancer.com/projects/content-development/Deutschsprachige-UGC-Creator-Ads
40568928,Langfristige ganzheitliche SEO-Optimierung für landwirtschaftliches Produkt,fixed,2,1,"[AI辅助] 岗位描述完全用德语撰写且需持续沟通，推断至少需要B1/B2德语 / Job description entirely in German and requires ongoing communication, so at least B1/B2 German is inferred","[AI辅助] 未提及英语要求，默认入门水平 / No English requirement mentioned, default beginner",65.0,25.95964141081998,216.33034509016647,67.40187921178541,0.21769230769230768,4.189654742026425,-0.5209804991324559,0.39775493897866027,-0.45936771905555807,low,https://www.freelancer.com/projects/looker-studio/Langfristige-ganzheitliche-SEO
40568927,Ganzheitliche SEO-Optimierung nach Google-Richtlinien - für GoKart-Hersteller,fixed,1,1,"[AI辅助] 未发现德语要求，虽然职位描述为德语但未声明语言强制 / No German requirement found, post is in German but no language mandate stated","[AI辅助] 未提及英语要求，默认入门 / No English requirement mentioned, default beginner",54.0,25.95964141081998,216.33034509016647,70.21922756926737,0.2324915824915825,4.007333185232471,-0.5022073699166397,0.23861509605044262,-0.37041123298354117,mid,https://www.freelancer.com/projects/google-analytics/Ganzheitliche-SEO-Optimierung-nach
40568747,Laufende WordPress-Unterstützung gesucht,hourly,1,1,[AI辅助] 未发现德语要求 / No German requirement found,[AI辅助] 默认英语入门 / Default English beginner,103.0,11.859402582118998,17.789103873178497,16.997517535779778,0.8665048543689321,4.6443908991413725,0.30204913852248044,0.7946725711533201,-0.24631171631541984,mid,https://www.freelancer.com/projects/html/Laufende-WordPress-Unterst-tzung-gesucht
40568672,Cinematic Retreat Promo Video,fixed,0,1,[AI辅助] 未发现德语要求 / No German requirement found,[AI辅助] 默认英语入门 / Default English beginner,79.0,29.648506455297497,247.07088712747912,126.27511567922909,0.44441887226697363,4.382026634673881,-0.23337403522472144,0.5656672435796886,-0.399520639402205,mid,https://www.freelancer.com/projects/video-production/Cinematic-Retreat-Promo-Video
40568651,Wissenschaftlich-Künstlerische Publikation Begleitung,fixed,2,1,"[AI辅助] 发帖为德语且需与德国大学沟通、编辑德语内容 / Post in German, requires communication and editing in German","[AI辅助] 出版物为德英双语，需基础英语阅读处理材料 / Publication bilingual, basic English reading needed",16.0,9882.835485099164,19765.670970198327,11631.109082413208,0.17690000000000022,2.833213344056216,-0.5727262281432141,-0.7862184474391838,0.10674610964798487,mid,https://www.freelancer.com/projects/editorial-design/Wissenschaftlich-nstlerische-Publikation
40567730,Invoice Formatting & Graphic Updates,fixed,0,1,[AI辅助] 未发现德语要求 / No German requirement found,"[AI辅助] 默认英语入门，未明确要求更高水平 / Default English beginner, no higher level specified",68.0,7.906268388079332,29.648506455297497,32.264551142529626,1.120320855614973,4.23410650459726,0.6240190088749895,0.43655477503644236,0.09373211691927358,mid,https://www.freelancer.com/projects/word/Invoice-Formatting-Graphic-Updates
